2024-08-19 20:01:20.901673;[2600.0, 2600.0, 2600.0, 2600.0, 2600.0, 2600.0, 2600.0, 2600.0, 2600.0, 2600.0, 2600.0, 2600.0, 2600.0, 2600.0, 2600.0, 2600.0, 2600.0, 2600.0, 2600.0, 2600.0, 2600.0, 2600.0, 3679.56, 2600.0, 2600.0, 2600.0, 2600.0, 2600.0, 2600.0, 2600.0, 2600.0, 2600.0, 2600.0, 2600.0, 2600.0, 2600.0, 2600.0, 2600.0, 2600.0, 2600.0, 2600.0, 2600.0, 2600.0, 2600.0, 2600.0, 2600.0, 2600.0, 2600.0]
2024-08-19 20:01:22.904143;[2600.0, 2600.0, 2600.0, 3699.957, 2600.0, 2600.0, 2600.0, 2600.0, 2600.0, 2600.0, 2600.0, 2600.0, 2600.0, 2600.0, 2600.0, 2600.0, 3699.972, 2600.0, 2600.0, 2600.0, 2600.0, 2600.0, 3003.096, 2600.0, 3700.007, 2600.0, 2600.0, 2600.0, 2600.0, 2600.0, 2600.0, 2600.0, 3699.931, 2600.0, 2600.0, 2600.0, 2600.0, 2600.0, 2600.0, 2600.0, 3700.822, 2600.0, 2600.0, 2600.0, 2600.0, 2600.0, 2600.0, 2600.0]
2024-08-19 20:01:24.906842;[2600.0, 2600.0, 2600.0, 3699.033, 2600.0, 2600.0, 2600.0, 2600.0, 2600.0, 2600.0, 2600.0, 2600.0, 2600.0, 2600.0, 2600.0, 2600.0, 3700.464, 2600.0, 2600.0, 2600.0, 2600.0, 2600.0, 2600.0, 2600.0, 3700.44, 2600.0, 2600.0, 2600.0, 2600.0, 2600.0, 2600.0, 2600.0, 3700.735, 2600.0, 2600.0, 2600.0, 2600.0, 2600.0, 2600.0, 2600.0, 3699.428, 2600.0, 2600.0, 2600.0, 2600.0, 2600.0, 2600.0, 2600.0]
2024-08-19 20:01:26.909212;[2600.0, 2600.0, 2600.0, 3699.982, 2600.0, 2600.0, 2600.0, 2600.0, 2600.0, 2600.0, 2600.0, 2647.88, 2600.0, 2600.0, 2600.0, 2600.0, 3699.992, 3697.887, 3697.408, 2600.0, 2600.0, 2600.0, 2600.0, 2600.0, 3699.95, 2600.0, 2600.0, 2600.0, 2600.0, 2600.0, 2600.0, 2600.0, 3700.002, 2600.0, 2600.0, 2600.0, 2600.0, 2600.0, 2600.0, 2600.0, 3699.907, 2541.954, 2600.0, 2600.0, 2600.0, 2600.0, 2600.0, 2600.0]
2024-08-19 20:01:28.911774;[2600.0, 2600.0, 2600.0, 3700.02, 2600.0, 2600.0, 2600.0, 2600.0, 2600.0, 2600.0, 2600.0, 2600.0, 2600.0, 2600.0, 2600.0, 3572.307, 3700.06, 2600.0, 2600.0, 2600.0, 2600.0, 2600.0, 2600.0, 3697.142, 3699.993, 2600.0, 2600.0, 2600.0, 2600.0, 2600.0, 2600.0, 2600.0, 3700.045, 2600.0, 2600.0, 2600.0, 2600.0, 2600.0, 2600.0, 2600.0, 3669.123, 2600.0, 2600.0, 2600.0, 2600.0, 2600.0, 2600.0, 2600.0]
2024-08-19 20:01:30.920477;[2600.0, 2600.0, 2600.0, 3700.693, 2600.0, 2600.0, 2600.0, 2600.0, 2600.0, 2600.0, 2600.0, 2600.0, 2600.0, 2600.0, 2600.0, 2600.0, 3701.004, 2600.0, 2600.0, 2600.0, 2600.0, 2600.0, 2600.0, 2600.0, 3700.777, 2600.0, 2600.0, 2600.0, 2600.0, 2600.0, 2600.0, 2600.0, 3700.078, 2600.0, 2600.0, 2600.0, 2600.0, 2600.0, 2600.0, 2600.0, 3700.477, 2600.0, 2600.0, 2600.0, 2600.0, 2600.0, 2600.0, 2600.0]
2024-08-19 20:01:32.922831;[2600.0, 2600.0, 2600.0, 3700.232, 2600.0, 2600.0, 2600.0, 2600.0, 2600.0, 2600.0, 2600.0, 2600.0, 2600.0, 2600.0, 2600.0, 2600.0, 3699.919, 2600.0, 2600.0, 2600.0, 2600.0, 2600.0, 2600.0, 2600.0, 3700.075, 2600.0, 2600.0, 2600.0, 2600.0, 2600.0, 2600.0, 2600.0, 3700.092, 2600.0, 2600.0, 2600.0, 2600.0, 2600.0, 2600.0, 2600.0, 3699.907, 2600.0, 2600.0, 2600.0, 2600.0, 2600.0, 2600.0, 2600.0]
2024-08-19 20:01:34.925271;[2600.0, 2600.0, 2600.0, 3701.197, 2600.0, 2600.0, 2600.0, 2600.0, 2600.0, 2600.0, 2600.0, 2735.118, 2600.0, 2600.0, 2535.088, 2600.0, 3700.767, 2600.0, 2600.0, 2600.0, 2600.0, 2600.0, 2600.0, 2600.0, 3700.956, 2600.0, 2600.0, 2600.0, 2600.0, 2600.0, 2600.0, 2600.0, 3700.868, 2600.0, 2600.0, 2600.0, 2600.0, 2600.0, 2600.0, 2600.0, 3699.426, 2600.0, 2600.0, 2600.0, 2600.0, 2600.0, 2600.0, 2600.0]
2024-08-19 20:01:36.927662;[2600.0, 2600.0, 2600.0, 3700.07, 2600.0, 2600.0, 2600.0, 2600.0, 3700.004, 2600.0, 2600.0, 2600.0, 2600.0, 2600.0, 3696.8, 2600.0, 2600.0, 2600.0, 2600.0, 2600.0, 2600.0, 2600.0, 2600.0, 2600.0, 3700.06, 2600.0, 2600.0, 2600.0, 2600.0, 2600.0, 2600.0, 2600.0, 3700.009, 2600.0, 2600.0, 2600.0, 2600.0, 2600.0, 2600.0, 2600.0, 3700.274, 2600.0, 2600.0, 2600.0, 2600.0, 2600.0, 2600.0, 2600.0]
2024-08-19 20:01:38.930015;[2600.0, 2600.0, 2600.0, 3699.997, 2600.0, 2600.0, 2600.0, 2600.0, 3699.785, 2600.0, 2600.0, 2600.0, 2600.0, 2600.0, 2600.0, 2600.0, 2600.0, 2600.0, 2600.0, 2600.0, 2600.0, 2600.0, 2600.0, 2600.0, 3700.03, 2600.0, 2600.0, 2600.0, 2600.0, 2600.0, 2600.0, 2600.0, 3699.188, 2600.0, 2600.0, 2600.0, 2600.0, 2600.0, 2600.0, 2600.0, 3678.575, 2600.0, 2600.0, 2600.0, 2600.0, 2600.0, 2600.0, 2600.0]
2024-08-19 20:01:40.932443;[2600.0, 2600.0, 2600.0, 3700.316, 2600.0, 2600.0, 2600.0, 2600.0, 3699.929, 2600.0, 2600.0, 2600.0, 2600.0, 2600.0, 2600.0, 2600.0, 2600.0, 2600.0, 2600.0, 2600.0, 2600.0, 2600.0, 2600.0, 2600.0, 3700.044, 2600.0, 2600.0, 2600.0, 2600.0, 2600.0, 2600.0, 2600.0, 3700.004, 2600.0, 2600.0, 2600.0, 2600.0, 2600.0, 2600.0, 2600.0, 2942.943, 2600.0, 2600.0, 2600.0, 2600.0, 2600.0, 2600.0, 2600.0]
2024-08-19 20:01:42.934799;[3696.815, 2600.0, 2600.0, 3699.959, 2600.0, 2600.0, 2600.0, 2600.0, 3699.86, 2600.0, 2600.0, 3696.509, 2600.0, 2600.0, 2600.0, 2600.0, 2600.0, 2600.0, 2600.0, 2600.0, 2600.0, 2600.0, 2600.0, 2600.0, 3700.052, 2600.0, 2600.0, 2600.0, 2600.0, 2600.0, 2600.0, 2600.0, 3700.015, 2600.0, 2600.0, 2600.0, 2600.0, 2600.0, 2600.0, 2600.0, 3700.385, 2600.0, 2600.0, 2600.0, 2600.0, 2600.0, 2600.0, 2600.0]
2024-08-19 20:01:44.937193;[2600.0, 2600.0, 2600.0, 3699.986, 2600.0, 2600.0, 2600.0, 2600.0, 3700.264, 2600.0, 2600.0, 2600.0, 2600.0, 2600.0, 2600.0, 2600.0, 2600.0, 2600.0, 2600.0, 2600.0, 2600.0, 2600.0, 2600.0, 2600.0, 3700.022, 2600.0, 2600.0, 2600.0, 2600.0, 2600.0, 2600.0, 2600.0, 3700.024, 2600.0, 2600.0, 2600.0, 2600.0, 2600.0, 2600.0, 2600.0, 3699.476, 2600.0, 2600.0, 2600.0, 2600.0, 2600.0, 2600.0, 2600.0]
2024-08-19 20:01:46.939581;[2600.0, 2600.0, 2600.0, 3699.919, 2600.0, 2600.0, 2600.0, 2600.0, 3700.046, 2600.0, 2600.0, 2600.0, 2600.0, 2600.0, 2600.0, 2600.0, 2600.0, 2600.0, 2600.0, 2600.0, 2600.0, 2600.0, 2600.0, 2600.0, 3699.938, 2600.0, 2600.0, 2600.0, 2600.0, 2600.0, 2600.0, 2600.0, 3699.884, 2600.0, 2600.0, 2600.0, 2600.0, 2600.0, 2600.0, 2600.0, 3700.167, 2600.0, 2600.0, 2600.0, 2600.0, 2600.0, 2600.0, 2600.0]
2024-08-19 20:01:48.941963;[2600.0, 2600.0, 2600.0, 3713.392, 3699.513, 3699.065, 2600.0, 2600.0, 3718.149, 2600.0, 2600.0, 2600.0, 3699.386, 2600.0, 2600.0, 3504.436, 2600.0, 2600.0, 2600.0, 2600.0, 2600.0, 2600.0, 2600.0, 2600.0, 3699.155, 2600.0, 2600.0, 2600.0, 2600.0, 2600.0, 2600.0, 2600.0, 3713.832, 2600.0, 2600.0, 2600.0, 2600.0, 2600.0, 2600.0, 2600.0, 3679.971, 2600.0, 2600.0, 2600.0, 2600.0, 2600.0, 2600.0, 2600.0]
2024-08-19 20:01:50.944334;[2826.409, 2600.0, 2600.0, 2600.0, 2600.0, 2600.0, 2600.0, 2600.0, 2600.0, 2600.0, 2600.0, 2600.0, 2600.0, 2600.0, 2628.959, 2600.0, 2600.0, 2600.0, 2600.0, 2600.0, 2600.0, 2600.0, 2600.0, 2600.0, 2600.0, 2600.0, 2600.0, 2600.0, 2600.0, 2600.0, 2600.0, 2600.0, 2600.0, 2600.0, 2600.0, 2600.0, 2600.0, 2600.0, 2600.0, 2600.0, 3699.262, 2600.0, 2600.0, 2600.0, 2600.0, 2600.0, 2600.0, 2600.0]
2024-08-19 20:01:52.946683;[2600.0, 3695.904, 3696.002, 3699.926, 2600.0, 2600.0, 2600.0, 2600.0, 2600.0, 2600.0, 2600.0, 3673.469, 3697.103, 3699.386, 3694.839, 3694.904, 3691.02, 3699.165, 2600.0, 2600.0, 2600.0, 2600.0, 2600.0, 3699.272, 3707.119, 2600.0, 2600.0, 2600.0, 2600.0, 2600.0, 2600.0, 3699.807, 2600.0, 2600.0, 2600.0, 2600.0, 2600.0, 3696.774, 3702.47, 2600.0, 3700.146, 2600.0, 2600.0, 2600.0, 2600.0, 3697.148, 3706.091, 2600.0]
2024-08-19 20:01:54.949040;[2600.0, 2600.0, 2600.0, 2600.0, 2600.0, 2600.0, 2600.0, 2600.0, 2600.0, 2600.0, 2600.0, 2600.0, 2600.0, 2600.0, 2600.0, 2600.0, 2600.0, 2600.0, 2600.0, 2600.0, 2600.0, 2600.0, 2600.0, 2600.0, 2600.0, 2600.0, 2600.0, 2600.0, 2600.0, 2600.0, 2600.0, 2600.0, 2600.0, 2600.0, 2600.0, 2600.0, 2600.0, 2600.0, 2600.0, 2600.0, 3699.892, 2600.0, 2600.0, 2600.0, 2600.0, 2600.0, 2600.0, 2600.0]
2024-08-19 20:01:56.951410;[2644.526, 2600.0, 2600.0, 2600.0, 2600.0, 2600.0, 2600.0, 2600.0, 2600.0, 2600.0, 2600.0, 2600.0, 2600.0, 2600.0, 2600.0, 2600.0, 2600.0, 2600.0, 2600.0, 2729.672, 2649.845, 2671.569, 2607.718, 2621.346, 2600.0, 2600.0, 2600.0, 2600.0, 2600.0, 2600.0, 2600.0, 2600.0, 2600.0, 2600.0, 2600.0, 2600.0, 2600.0, 2600.0, 2600.0, 2600.0, 2840.549, 2600.0, 2600.0, 2600.0, 2600.0, 2600.0, 2600.0, 2600.0]
