2024-08-19 19:57:16.598935;[3699.104, 3691.869, 2600.0, 2600.0, 2600.0, 2600.0, 2600.0, 2600.0, 3300.017, 2600.0, 2600.0, 2600.0, 2600.0, 2600.0, 2600.0, 2600.0, 2600.0, 2600.0, 2600.0, 2600.0, 2600.0, 3699.847, 2600.0, 2600.0, 2600.0, 2600.0, 2600.0, 2600.0, 2600.0, 2600.0, 2600.0, 2600.0, 2600.0, 2600.0, 2600.0, 2600.0, 2600.0, 2600.0, 2600.0, 2600.0, 2600.0, 2600.0, 2600.0, 2600.0, 2600.0, 2600.0, 2600.0, 2600.0]
2024-08-19 19:57:18.601441;[3699.924, 3700.205, 2600.0, 2600.0, 2600.0, 2600.0, 2600.0, 2600.0, 2600.0, 2600.0, 2600.0, 2600.0, 2600.0, 2600.0, 2600.0, 2600.0, 2600.0, 2600.0, 2600.0, 2600.0, 2600.0, 2736.128, 2600.0, 2600.0, 2600.0, 2600.0, 2600.0, 2600.0, 2600.0, 2600.0, 2600.0, 2600.0, 2600.0, 2600.0, 2600.0, 2600.0, 2600.0, 2600.0, 2600.0, 2600.0, 2600.0, 2600.0, 2600.0, 2600.0, 2600.0, 2600.0, 2600.0, 2600.0]
2024-08-19 19:57:20.603873;[3699.98, 3699.96, 2600.0, 2600.0, 2600.0, 2600.0, 2600.0, 2600.0, 2600.0, 2600.0, 2600.0, 2600.0, 2600.0, 2600.0, 2600.0, 2810.658, 2600.0, 2600.0, 2600.0, 2600.0, 2600.0, 3700.106, 2600.0, 2565.39, 2600.0, 2600.0, 2600.0, 2600.0, 2600.0, 2600.0, 2600.0, 2600.0, 2600.0, 2600.0, 2600.0, 2600.0, 2600.0, 2600.0, 2600.0, 2600.0, 2600.0, 2600.0, 2600.0, 2600.0, 2600.0, 2600.0, 2600.0, 2600.0]
2024-08-19 19:57:22.607415;[3700.056, 3700.041, 2600.0, 2600.0, 2600.0, 2600.0, 2600.0, 2600.0, 2600.0, 2600.0, 2600.0, 2600.0, 2600.0, 2600.0, 2600.0, 2600.0, 2600.0, 2600.0, 2600.0, 2600.0, 2600.0, 3699.092, 2600.0, 2600.0, 2600.0, 2600.0, 2600.0, 2600.0, 2600.0, 2600.0, 2600.0, 2600.0, 2600.0, 2600.0, 2600.0, 2600.0, 2600.0, 2600.0, 2600.0, 2600.0, 2600.0, 2600.0, 2600.0, 2600.0, 2600.0, 2600.0, 2600.0, 2600.0]
2024-08-19 19:57:24.609796;[3699.754, 3699.934, 2600.0, 2600.0, 2600.0, 2600.0, 2600.0, 2600.0, 2600.0, 2687.264, 2600.0, 2600.0, 2600.0, 2600.0, 2600.0, 2600.0, 2600.0, 2600.0, 2600.0, 2600.0, 2600.0, 3676.672, 2600.0, 2600.0, 2600.0, 2600.0, 2600.0, 2600.0, 2600.0, 2600.0, 2600.0, 2600.0, 2600.0, 2600.0, 2600.0, 2600.0, 2600.0, 2600.0, 2600.0, 2600.0, 2600.0, 2600.0, 2600.0, 2600.0, 2600.0, 2600.0, 2600.0, 2600.0]
2024-08-19 19:57:26.612187;[3700.015, 3699.976, 2600.0, 2600.0, 2600.0, 2600.0, 2600.0, 2600.0, 2600.0, 2637.32, 2600.0, 2600.0, 2600.0, 2600.0, 2600.0, 2600.0, 2600.0, 2600.0, 2600.0, 2600.0, 2600.0, 3699.489, 2600.0, 2600.0, 2600.0, 2600.0, 2600.0, 2600.0, 2600.0, 2600.0, 2600.0, 2600.0, 2600.0, 2600.0, 2600.0, 2600.0, 2600.0, 2600.0, 2600.0, 2600.0, 2600.0, 2600.0, 2600.0, 2600.0, 2600.0, 2600.0, 2600.0, 2600.0]
2024-08-19 19:57:28.614573;[3700.063, 3699.974, 2600.0, 2600.0, 2600.0, 2600.0, 2600.0, 2600.0, 2600.0, 2600.0, 2600.0, 2600.0, 2600.0, 2600.0, 2600.0, 2600.0, 2600.0, 2600.0, 2600.0, 2600.0, 2600.0, 3184.031, 2600.0, 2600.0, 2600.0, 2600.0, 2600.0, 2600.0, 2600.0, 2600.0, 2600.0, 2600.0, 2600.0, 2600.0, 2600.0, 2600.0, 2600.0, 2600.0, 2600.0, 2600.0, 2600.0, 2600.0, 2600.0, 2600.0, 2600.0, 2600.0, 2600.0, 2600.0]
2024-08-19 19:57:30.616992;[3699.717, 3700.046, 2600.0, 2600.0, 2600.0, 2600.0, 2600.0, 2600.0, 2600.0, 2600.0, 2600.0, 2600.0, 2600.0, 2600.0, 2600.0, 2600.0, 2600.0, 2600.0, 2600.0, 2600.0, 2600.0, 3698.693, 2600.0, 2600.0, 2600.0, 2600.0, 2600.0, 2600.0, 2600.0, 2600.0, 2600.0, 2600.0, 2600.0, 2600.0, 2600.0, 2600.0, 2600.0, 2600.0, 2600.0, 2600.0, 2600.0, 2600.0, 2600.0, 2600.0, 2600.0, 2600.0, 2600.0, 2600.0]
2024-08-19 19:57:32.619362;[3700.022, 3700.283, 2600.0, 2600.0, 2600.0, 2600.0, 2600.0, 2600.0, 2600.0, 2600.0, 2600.0, 2600.0, 2600.0, 2600.0, 2600.0, 2600.0, 2600.0, 2600.0, 2600.0, 2600.0, 2600.0, 3699.519, 2600.0, 2600.0, 2600.0, 2600.0, 2600.0, 2600.0, 2600.0, 2600.0, 2600.0, 2600.0, 2600.0, 2600.0, 2600.0, 2600.0, 2600.0, 2600.0, 2600.0, 2600.0, 2600.0, 2600.0, 2600.0, 2600.0, 2600.0, 2600.0, 2600.0, 2600.0]
2024-08-19 19:57:34.621777;[2600.0, 2600.0, 2600.0, 2600.0, 2600.0, 2600.0, 2600.0, 2600.0, 2600.0, 2600.0, 2600.0, 2600.0, 2600.0, 2600.0, 2600.0, 2600.0, 2600.0, 2600.0, 2600.0, 2600.0, 2600.0, 3679.133, 2600.0, 2600.0, 2600.0, 2600.0, 2600.0, 2600.0, 2600.0, 2600.0, 2600.0, 2600.0, 2600.0, 2600.0, 2600.0, 2600.0, 2600.0, 2600.0, 2600.0, 2600.0, 2600.0, 2600.0, 2600.0, 2600.0, 2600.0, 2600.0, 2600.0, 2600.0]
2024-08-19 19:57:36.624174;[2600.0, 2600.0, 2600.0, 2600.0, 2600.0, 2600.0, 2600.0, 2600.0, 2600.0, 2600.0, 2600.0, 2600.0, 2600.0, 2600.0, 2600.0, 2600.0, 2600.0, 2600.0, 2600.0, 2600.0, 2600.0, 3699.008, 2600.0, 2600.0, 2600.0, 2600.0, 2600.0, 2600.0, 2600.0, 2600.0, 2600.0, 2600.0, 2600.0, 2600.0, 2600.0, 2600.0, 2600.0, 2600.0, 2600.0, 2600.0, 2600.0, 2600.0, 2600.0, 2600.0, 2600.0, 2600.0, 2600.0, 2600.0]
2024-08-19 19:57:38.626541;[2600.0, 2600.0, 2600.0, 2600.0, 2600.0, 2600.0, 2600.0, 2600.0, 2600.0, 2600.0, 2600.0, 2600.0, 2600.0, 2600.0, 2600.0, 2600.0, 2600.0, 3717.37, 2600.0, 2600.0, 2600.0, 3114.007, 2600.0, 2600.0, 2600.0, 2600.0, 2600.0, 2600.0, 2600.0, 2600.0, 2600.0, 2600.0, 2600.0, 2600.0, 2600.0, 2600.0, 2600.0, 2600.0, 2600.0, 2600.0, 2600.0, 2600.0, 2600.0, 2600.0, 2600.0, 2600.0, 2600.0, 2600.0]
2024-08-19 19:57:40.628921;[2600.0, 2600.0, 2600.0, 2600.0, 2600.0, 2600.0, 2600.0, 2600.0, 2600.0, 2600.0, 2600.0, 2600.0, 2600.0, 2600.0, 2600.0, 2600.0, 2600.0, 2600.0, 2600.0, 2600.0, 2600.0, 3699.468, 2600.0, 2600.0, 2600.0, 2600.0, 2600.0, 2600.0, 2600.0, 2600.0, 2600.0, 2600.0, 2600.0, 2600.0, 2600.0, 2600.0, 2600.0, 2600.0, 2600.0, 2600.0, 2673.829, 2600.0, 2600.0, 2600.0, 2600.0, 2600.0, 2600.0, 2600.0]
