2024-08-19 22:42:19.768121;[2999.998, 2999.998, 2999.998, 2999.998, 2999.998, 1489.592, 2999.998, 2999.998, 2999.998, 2999.998, 2999.998, 2999.998, 2999.998, 2999.998, 2999.998, 2999.998, 2999.998, 2999.998, 2999.998, 2999.998, 2999.998, 2999.998, 2999.998, 2999.998, 2999.998, 2999.998, 2999.998, 2999.998, 2999.998, 2999.998, 2999.998, 2999.998, 2999.998, 2999.998, 2999.998, 2999.998, 2999.998, 2999.998, 2999.998, 2999.998, 1291.675, 2999.998, 3746.88, 2999.998, 2999.998, 2999.998, 1293.634, 2999.998]
2024-08-19 22:42:21.770933;[3735.847, 2999.998, 2999.998, 2999.998, 2999.998, 3309.833, 2999.998, 2999.998, 2999.998, 2999.998, 3288.818, 2999.998, 2999.998, 2999.998, 2999.998, 2999.998, 2999.998, 2999.998, 2999.998, 2999.998, 2999.998, 2999.998, 2999.998, 2999.998, 3699.985, 3700.031, 2999.998, 2999.998, 2999.998, 2999.998, 2999.998, 2999.998, 2999.998, 2999.998, 2999.998, 2999.998, 2999.998, 2999.998, 2999.998, 2999.998, 2999.998, 2999.998, 2999.998, 2999.998, 2999.998, 2999.998, 2999.998, 2999.998]
2024-08-19 22:42:23.773452;[3600.067, 3723.916, 2999.998, 2999.998, 2999.998, 3694.042, 2999.998, 2999.998, 2999.998, 2999.998, 2999.998, 2999.998, 2999.998, 2999.998, 2999.998, 2999.998, 2999.998, 2999.998, 2999.998, 2999.998, 2999.998, 2999.998, 2999.998, 2999.998, 2999.998, 3694.327, 2999.998, 2999.998, 2999.998, 2999.998, 2999.998, 2999.998, 2999.998, 2999.998, 2999.998, 2999.998, 2999.998, 2999.998, 2999.998, 2999.998, 2999.998, 2999.998, 2999.998, 2999.998, 2999.998, 2999.998, 2999.998, 2999.998]
2024-08-19 22:42:25.776040;[3702.693, 3731.751, 2999.998, 2999.998, 2999.998, 3249.2, 2999.998, 2999.998, 2999.998, 2999.998, 2999.998, 2999.998, 2999.998, 2999.998, 2999.998, 2999.998, 2999.998, 2999.998, 2999.998, 2999.998, 2999.998, 2999.998, 2999.998, 2999.998, 2999.998, 3702.95, 2999.998, 2999.998, 2999.998, 2999.998, 2999.998, 2999.998, 2999.998, 2999.998, 2999.998, 2999.998, 2999.998, 2999.998, 2999.998, 2999.998, 2999.998, 2999.998, 2999.998, 2999.998, 2999.998, 2999.998, 2999.998, 2999.998]
2024-08-19 22:42:27.778649;[3700.203, 3729.46, 2999.998, 2999.998, 2999.998, 3699.187, 2999.998, 2999.998, 2999.998, 2999.998, 2999.998, 2999.998, 2999.998, 2999.998, 2999.998, 2999.998, 2999.998, 2999.998, 2999.998, 2999.998, 2999.998, 2999.998, 2999.998, 2999.998, 2999.998, 3700.045, 2999.998, 2999.998, 2999.998, 2999.998, 2999.998, 2999.998, 2999.998, 2999.998, 2999.998, 2999.998, 2999.998, 2999.998, 2999.998, 2999.998, 2999.998, 2999.998, 2999.998, 2999.998, 2999.998, 2999.998, 2999.998, 2999.998]
2024-08-19 22:42:29.781194;[3600.047, 3727.187, 2999.998, 2999.998, 2999.998, 3238.902, 2999.998, 2999.998, 2999.998, 2999.998, 2999.998, 2999.998, 2999.998, 2999.998, 2999.998, 2999.998, 2999.998, 2999.998, 2999.998, 2999.998, 2999.998, 2999.998, 2999.998, 2999.998, 2999.998, 3697.455, 2999.998, 2999.998, 2999.998, 2999.998, 2999.998, 2999.998, 2999.998, 2999.998, 2999.998, 2999.998, 2999.998, 2999.998, 2999.998, 2999.998, 2999.998, 2999.998, 2999.998, 2999.998, 2999.998, 2999.998, 2999.998, 2999.998]
2024-08-19 22:42:31.783752;[3685.263, 2999.998, 2999.998, 2999.998, 2999.998, 3684.974, 2999.998, 2999.998, 2999.998, 2999.998, 2999.998, 2999.998, 2999.998, 2999.998, 2999.998, 2999.998, 2999.998, 2999.998, 2999.998, 2999.998, 2999.998, 2999.998, 2999.998, 2999.998, 2999.998, 3685.677, 2999.998, 2999.998, 2999.998, 2999.998, 2999.998, 2999.998, 2999.998, 2999.998, 2999.998, 2999.998, 2999.998, 2999.998, 2999.998, 2999.998, 2999.998, 2999.998, 2999.998, 2999.998, 2999.998, 2999.998, 2999.998, 2999.998]
2024-08-19 22:42:33.786432;[3777.982, 3713.285, 2999.998, 3191.352, 2999.998, 3233.814, 2999.998, 2999.998, 2999.998, 2999.998, 2999.998, 2999.998, 3229.574, 2999.998, 2999.998, 2999.998, 2999.998, 2999.998, 2999.998, 2999.998, 2999.998, 2999.998, 2999.998, 2999.998, 2999.998, 3635.037, 2999.998, 2999.998, 2999.998, 2999.998, 2999.998, 2999.998, 2999.998, 2999.998, 2999.998, 2999.998, 2999.998, 2999.998, 2999.998, 2999.998, 2999.998, 2999.998, 2999.998, 2999.998, 2999.998, 2999.998, 2999.998, 2999.998]
2024-08-19 22:42:35.788927;[3600.26, 3756.774, 2999.998, 2999.998, 2999.998, 3264.13, 2999.998, 2999.998, 2999.998, 2999.998, 2999.998, 2999.998, 3229.757, 2999.998, 2999.998, 2999.998, 2999.998, 2999.998, 2999.998, 2999.998, 2999.998, 2999.998, 2999.998, 2999.998, 2999.998, 3598.854, 2999.998, 2999.998, 2999.998, 2999.998, 2999.998, 2999.998, 2999.998, 2999.998, 2999.998, 2999.998, 2999.998, 2999.998, 2999.998, 2999.998, 2999.998, 2999.998, 2999.998, 2999.998, 2999.998, 2999.998, 2999.998, 2999.998]
2024-08-19 22:42:37.791513;[3685.368, 2999.998, 2999.998, 2999.998, 2999.998, 3685.298, 2999.998, 2999.998, 2999.998, 2999.998, 2999.998, 2999.998, 2999.998, 2999.998, 2999.998, 2999.998, 2999.998, 2999.998, 2999.998, 2999.998, 2999.998, 2999.998, 2999.998, 2999.998, 2999.998, 3685.435, 2999.998, 2999.998, 2999.998, 2999.998, 2999.998, 2999.998, 2999.998, 2999.998, 2999.998, 2999.998, 2999.998, 2999.998, 2999.998, 2999.998, 2999.998, 2999.998, 2999.998, 2999.998, 2999.998, 2999.998, 2999.998, 2999.998]
2024-08-19 22:42:39.794081;[3694.098, 3746.181, 2999.998, 2999.998, 2999.998, 3270.933, 2999.998, 2999.998, 2999.998, 2999.998, 2999.998, 2999.998, 2999.998, 2999.998, 2999.998, 2999.998, 2999.998, 2999.998, 2999.998, 2999.998, 2999.998, 2999.998, 2999.998, 2999.998, 2999.998, 3694.092, 2999.998, 2999.998, 2999.998, 2999.998, 2999.998, 2999.998, 2999.998, 2999.998, 2999.998, 2999.998, 2999.998, 2999.998, 2999.998, 2999.998, 2999.998, 2999.998, 2999.998, 2999.998, 2999.998, 2999.998, 2999.998, 2999.998]
2024-08-19 22:42:41.796670;[3600.133, 3708.945, 2999.998, 2999.998, 2999.998, 3599.322, 2999.998, 2999.998, 2999.998, 2999.998, 2999.998, 2718.684, 2999.998, 2999.998, 2999.998, 2999.998, 2999.998, 2999.998, 2999.998, 2999.998, 2999.998, 2999.998, 2999.998, 2999.998, 2999.998, 3599.942, 2999.998, 2999.998, 3204.125, 2999.998, 2999.998, 2999.998, 2999.998, 2999.998, 2999.998, 2999.998, 2999.998, 2999.998, 2999.998, 2999.998, 2999.998, 2999.998, 2999.998, 2999.998, 2999.998, 2999.998, 2999.998, 2999.998]
2024-08-19 22:42:43.799274;[3699.884, 3708.009, 2999.998, 2999.998, 2999.998, 3255.473, 2999.998, 2999.998, 2999.998, 2999.998, 2999.998, 2999.998, 2999.998, 2999.998, 2999.998, 2999.998, 2999.998, 2999.998, 2999.998, 2999.998, 2999.998, 2999.998, 2999.998, 2999.998, 2999.998, 3691.338, 2999.998, 2999.998, 2999.998, 2999.998, 2999.998, 2999.998, 2999.998, 2999.998, 2999.998, 2999.998, 2999.998, 2999.998, 2999.998, 2999.998, 2999.998, 2999.998, 2999.998, 2999.998, 2999.998, 2999.998, 2999.998, 2999.998]
2024-08-19 22:42:45.801813;[3688.681, 3744.69, 2999.998, 2999.998, 2999.998, 3688.158, 2999.998, 2999.998, 2999.998, 2999.998, 2999.998, 2999.998, 2999.998, 2999.998, 2999.998, 2999.998, 2999.998, 2999.998, 2999.998, 2999.998, 2999.998, 2999.998, 2999.998, 2999.998, 2999.998, 3689.852, 2999.998, 2999.998, 2999.998, 2999.998, 2999.998, 2999.998, 2999.998, 2999.998, 2999.998, 2999.998, 2999.998, 2999.998, 2999.998, 2999.998, 2999.998, 2999.998, 2999.998, 2999.998, 2999.998, 2999.998, 2999.998, 2999.998]
2024-08-19 22:42:47.804395;[3781.834, 3781.925, 3199.399, 2999.998, 2999.998, 3233.559, 2999.998, 2999.998, 2999.998, 2999.998, 2999.998, 2999.998, 2999.998, 2999.998, 2999.998, 2999.998, 2999.998, 2999.998, 2999.998, 2999.998, 2999.998, 2999.998, 2999.998, 2999.998, 2999.998, 3711.852, 2999.998, 2999.998, 2999.998, 2999.998, 2999.998, 2999.998, 2999.998, 2999.998, 2999.998, 2999.998, 2999.998, 2999.998, 2999.998, 2999.998, 2999.998, 2999.998, 2999.998, 2999.998, 2999.998, 2999.998, 2999.998, 2999.998]
2024-08-19 22:42:49.806982;[3699.978, 3699.933, 2999.998, 2999.998, 2999.998, 3242.886, 2999.998, 2999.998, 2999.998, 2999.998, 2999.998, 2999.998, 2999.998, 2999.998, 2999.998, 2999.998, 2999.998, 2999.998, 2999.998, 2999.998, 2999.998, 2999.998, 2999.998, 2999.998, 2999.998, 2999.998, 2999.998, 2999.998, 2999.998, 2999.998, 2999.998, 2999.998, 2999.998, 2999.998, 2999.998, 2999.998, 2999.998, 2999.998, 2999.998, 2999.998, 2999.998, 2999.998, 2999.998, 2999.998, 2999.998, 2999.998, 2999.998, 3244.788]
2024-08-19 22:42:51.809523;[3673.092, 3673.238, 2999.998, 2999.998, 2999.998, 3673.18, 2999.998, 2999.998, 2999.998, 2999.998, 2999.998, 2999.998, 2999.998, 2999.998, 2999.998, 2999.998, 2999.998, 2999.998, 2999.998, 2999.998, 2999.998, 2999.998, 2999.998, 2999.998, 2999.998, 2999.998, 2999.998, 2999.998, 2999.998, 2999.998, 2999.998, 2999.998, 2999.998, 2999.998, 2999.998, 2999.998, 2999.998, 2999.998, 2999.998, 2999.998, 2999.998, 2999.998, 2999.998, 2999.998, 2999.998, 2999.998, 2999.998, 2999.998]
2024-08-19 22:42:53.812179;[3691.271, 3691.193, 2999.998, 2999.998, 2999.998, 3231.618, 2999.998, 2999.998, 2999.998, 2999.998, 2999.998, 2999.998, 2999.998, 2999.998, 2999.998, 2999.998, 2999.998, 2999.998, 2999.998, 2999.998, 2999.998, 2999.998, 2999.998, 2999.998, 2999.998, 2999.998, 2999.998, 2999.998, 2999.998, 2999.998, 2999.998, 2999.998, 2999.998, 2999.998, 2999.998, 2999.998, 2999.998, 2999.998, 2999.998, 2999.998, 2999.998, 2999.998, 2999.998, 2999.998, 2999.998, 2999.998, 2999.998, 2999.998]
2024-08-19 22:42:55.814816;[3699.984, 3700.101, 2999.998, 2999.998, 2999.998, 3699.123, 2999.998, 2999.998, 2999.998, 2999.998, 2999.998, 2999.998, 2999.998, 2999.998, 2999.998, 2999.998, 2999.998, 2999.998, 2999.998, 2999.998, 2999.998, 2999.998, 2999.998, 2999.998, 2999.998, 2999.998, 2999.998, 2999.998, 2999.998, 2999.998, 2999.998, 2999.998, 2999.998, 2999.998, 2999.998, 2999.998, 2999.998, 2999.998, 2999.998, 2999.998, 2999.998, 2999.998, 2999.998, 2999.998, 2999.998, 2999.998, 2999.998, 2999.998]
2024-08-19 22:42:57.817367;[3599.834, 3600.027, 2999.998, 2999.998, 2999.998, 3245.552, 2999.998, 2999.998, 2999.998, 2999.998, 2999.998, 2999.998, 2999.998, 2999.998, 2999.998, 2999.998, 2999.998, 2999.998, 2999.998, 2999.998, 2999.998, 2999.998, 2999.998, 2999.998, 2999.998, 2999.998, 2999.998, 3602.389, 2999.998, 2999.998, 2999.998, 2999.998, 2999.998, 2999.998, 2999.998, 3201.892, 2999.998, 2999.998, 2999.998, 2999.998, 2999.998, 2999.998, 2999.998, 2999.998, 2999.998, 2999.998, 2999.998, 2999.998]
2024-08-19 22:42:59.820855;[3599.717, 3600.443, 2999.998, 2999.998, 2999.998, 3598.699, 2999.998, 2999.998, 2999.998, 2999.998, 2999.998, 2999.998, 2999.998, 2999.998, 2999.998, 2999.998, 2999.998, 2999.998, 2999.998, 2999.998, 2999.998, 2999.998, 2999.998, 2999.998, 2999.998, 2999.998, 2999.998, 2999.998, 2999.998, 2999.998, 2999.998, 2999.998, 2999.998, 2999.998, 2999.998, 2999.998, 2999.998, 2999.998, 2999.998, 2999.998, 2999.998, 2999.998, 2999.998, 2999.998, 2999.998, 2999.998, 2999.998, 2999.998]
2024-08-19 22:43:01.823459;[3700.139, 3700.036, 2999.998, 2999.998, 2999.998, 3691.157, 2999.998, 2999.998, 2999.998, 2999.998, 2999.998, 2999.998, 2999.998, 2999.998, 2999.998, 2999.998, 2999.998, 2999.998, 2999.998, 2999.998, 2999.998, 2999.998, 2999.998, 2999.998, 2999.998, 2999.998, 2999.998, 2999.998, 2999.998, 2999.998, 2999.998, 2999.998, 2999.998, 2999.998, 2999.998, 2999.998, 2999.998, 2999.998, 2999.998, 2999.998, 2999.998, 2999.998, 2999.998, 2999.998, 2999.998, 2999.998, 2999.998, 2999.998]
2024-08-19 22:43:03.826043;[3621.773, 3687.449, 2999.998, 2999.998, 2999.998, 3249.058, 2999.998, 2999.998, 2999.998, 2999.998, 2999.998, 2999.998, 2999.998, 2999.998, 2999.998, 2999.998, 2999.998, 2999.998, 2999.998, 2999.998, 2999.998, 2999.998, 2999.998, 2999.998, 2999.998, 2999.998, 2999.998, 2999.998, 2999.998, 2999.998, 2999.998, 2999.998, 2999.998, 2999.998, 2999.998, 2999.998, 2999.998, 2999.998, 2999.998, 2999.998, 2999.998, 2999.998, 2999.998, 2999.998, 2999.998, 2999.998, 2999.998, 3271.214]
2024-08-19 22:43:05.828604;[3599.966, 3600.055, 2999.998, 2999.998, 2999.998, 3599.553, 2999.998, 2999.998, 2999.998, 2999.998, 2999.998, 2999.998, 2999.998, 2999.998, 2999.998, 2999.998, 2999.998, 2999.998, 2999.998, 2999.998, 2999.998, 2999.998, 2999.998, 2999.998, 2999.998, 2999.998, 2999.998, 2999.998, 2999.998, 2999.998, 2999.998, 2999.998, 2999.998, 2999.998, 2999.998, 2999.998, 2999.998, 2999.998, 2999.998, 2999.998, 2999.998, 2999.998, 2999.998, 2999.998, 2999.998, 2999.998, 2999.998, 2999.998]
2024-08-19 22:43:07.831234;[3699.926, 3700.013, 2999.998, 2999.998, 2999.998, 3257.245, 2999.998, 2999.998, 2999.998, 2999.998, 2999.998, 2999.998, 2999.998, 2999.998, 2999.998, 2999.998, 2999.998, 2999.998, 2999.998, 2999.998, 2999.998, 2999.998, 2999.998, 2999.998, 2999.998, 2999.998, 2999.998, 2999.998, 2999.998, 2999.998, 2999.998, 2999.998, 2999.998, 2999.998, 2999.998, 2999.998, 2999.998, 2999.998, 2999.998, 2999.998, 2999.998, 2999.998, 2999.998, 2999.998, 2999.998, 2999.998, 2999.998, 2999.998]
2024-08-19 22:43:09.833790;[3687.12, 3686.912, 2999.998, 2999.998, 2999.998, 3687.093, 2999.998, 2999.998, 2999.998, 2999.998, 2999.998, 2999.998, 2999.998, 2999.998, 2999.998, 2999.998, 2999.998, 2999.998, 2999.998, 2999.998, 2999.998, 2999.998, 2999.998, 2999.998, 2999.998, 2999.998, 2999.998, 2999.998, 2999.998, 2999.998, 2999.998, 2999.998, 2999.998, 2999.998, 2999.998, 2999.998, 2999.998, 2999.998, 2999.998, 2999.998, 2999.998, 2999.998, 2999.998, 2999.998, 2999.998, 2999.998, 2999.998, 2999.998]
2024-08-19 22:43:11.836378;[3692.238, 3692.423, 2999.998, 2999.998, 2999.998, 3225.681, 2999.998, 2999.998, 2999.998, 2999.998, 2999.998, 2999.998, 2999.998, 2999.998, 2999.998, 2999.998, 2999.998, 2999.998, 2999.998, 2999.998, 2999.998, 2999.998, 2999.998, 2999.998, 2999.998, 2999.998, 2999.998, 2999.998, 2999.998, 2999.998, 2999.998, 2999.998, 2999.998, 2999.998, 2999.998, 2999.998, 2999.998, 2999.998, 2999.998, 2999.998, 2999.998, 2999.998, 2999.998, 2999.998, 2999.998, 2999.998, 2999.998, 2999.998]
2024-08-19 22:43:13.839078;[3646.956, 3647.025, 2999.998, 2999.998, 2999.998, 3265.814, 2999.998, 2999.998, 2999.998, 2999.998, 2999.998, 2999.998, 2999.998, 2999.998, 2999.998, 2999.998, 2999.998, 2999.998, 2999.998, 2999.998, 2999.998, 2999.998, 2999.998, 2999.998, 2999.998, 2999.998, 2999.998, 2999.998, 2999.998, 2999.998, 2999.998, 2999.998, 2999.998, 2999.998, 2999.998, 2999.998, 2999.998, 2999.998, 2999.998, 2999.998, 2999.998, 2999.998, 2999.998, 2999.998, 2999.998, 2999.998, 2999.998, 2999.998]
2024-08-19 22:43:15.841674;[3686.98, 3687.039, 2999.998, 2999.998, 2999.998, 3686.341, 2999.998, 2999.998, 2999.998, 2999.998, 2999.998, 2999.998, 2999.998, 2999.998, 2999.998, 2999.998, 2999.998, 2999.998, 2999.998, 2999.998, 2999.998, 2999.998, 2999.998, 2999.998, 2999.998, 2999.998, 2999.998, 2999.998, 2999.998, 2999.998, 2999.998, 2999.998, 2999.998, 2999.998, 2999.998, 2999.998, 2999.998, 2999.998, 2999.998, 2999.998, 2999.998, 2999.998, 2999.998, 2999.998, 2999.998, 2999.998, 2999.998, 2999.998]
2024-08-19 22:43:17.844276;[3692.466, 3692.448, 2999.998, 2999.998, 2999.998, 3379.581, 2999.998, 2999.998, 2999.998, 2999.998, 2999.998, 2999.998, 2999.998, 2999.998, 2999.998, 2999.998, 2999.998, 2999.998, 2999.998, 2999.998, 2999.998, 2999.998, 2999.998, 2999.998, 2999.998, 2999.998, 2999.998, 2999.998, 2999.998, 2999.998, 2999.998, 2999.998, 2999.998, 2999.998, 2999.998, 2999.998, 2999.998, 2999.998, 2999.998, 2999.998, 2999.998, 2999.998, 2999.998, 2999.998, 2999.998, 2999.998, 2999.998, 2999.998]
2024-08-19 22:43:19.846903;[3700.061, 3700.032, 2999.998, 2999.998, 2999.998, 3698.707, 2999.998, 2999.998, 2999.998, 2999.998, 2999.998, 2999.998, 2999.998, 2999.998, 2999.998, 2999.998, 2999.998, 2999.998, 2999.998, 2999.998, 2999.998, 2999.998, 2999.998, 2999.998, 2999.998, 2999.998, 2999.998, 2999.998, 2999.998, 2999.998, 2999.998, 2999.998, 2999.998, 2999.998, 2999.998, 2999.998, 2999.998, 2999.998, 2999.998, 2999.998, 2999.998, 2999.998, 2999.998, 2999.998, 2999.998, 2999.998, 2999.998, 2999.998]
2024-08-19 22:43:21.849444;[3600.118, 3600.193, 2999.998, 2999.998, 2999.998, 3626.168, 2999.998, 2999.998, 2999.998, 3203.329, 2999.998, 2999.998, 2999.998, 2999.998, 2999.998, 2999.998, 2999.998, 2999.998, 2999.998, 2999.998, 2999.998, 2999.998, 2999.998, 2999.998, 2999.998, 2999.998, 2999.998, 2999.998, 2999.998, 2999.998, 2999.998, 2999.998, 2999.998, 2999.998, 2999.998, 2999.998, 2999.998, 2999.998, 2999.998, 2999.998, 2999.998, 2999.998, 2999.998, 2999.998, 2999.998, 2999.998, 2999.998, 2999.998]
2024-08-19 22:43:23.852036;[3692.682, 3692.704, 2999.998, 2999.998, 2999.998, 3235.609, 2999.998, 2999.998, 2999.998, 2999.998, 2999.998, 2999.998, 2999.998, 2999.998, 2999.998, 2999.998, 2999.998, 2999.998, 2999.998, 2999.998, 2999.998, 2999.998, 2999.998, 2999.998, 2999.998, 2999.998, 2999.998, 2999.998, 2999.998, 2999.998, 2999.998, 2999.998, 2999.998, 2999.998, 2999.998, 2999.998, 2999.998, 2999.998, 2999.998, 2999.998, 2999.998, 2999.998, 2999.998, 2999.998, 2999.998, 2999.998, 2999.998, 2999.998]
2024-08-19 22:43:25.854673;[3699.725, 3700.117, 2999.998, 2999.998, 2999.998, 3699.485, 2999.998, 2999.998, 2999.998, 2999.998, 2999.998, 2999.998, 2999.998, 2999.998, 2999.998, 2999.998, 2999.998, 2999.998, 2999.998, 2999.998, 2999.998, 2999.998, 2999.998, 2999.998, 2999.998, 2999.998, 2999.998, 2999.998, 2999.998, 2999.998, 2999.998, 2999.998, 2999.998, 2999.998, 2999.998, 2999.998, 2999.998, 2999.998, 2999.998, 2999.998, 2999.998, 2999.998, 2999.998, 2999.998, 2999.998, 2999.998, 2999.998, 2999.998]
2024-08-19 22:43:27.857203;[3599.94, 3600.087, 2999.998, 3243.821, 2999.998, 3226.605, 2999.998, 2999.998, 2999.998, 2999.998, 2999.998, 2999.998, 2999.998, 2999.998, 2999.998, 2999.998, 2999.998, 2999.998, 2999.998, 2999.998, 2999.998, 2999.998, 2999.998, 2999.998, 2999.998, 2999.998, 2999.998, 2999.998, 2999.998, 2999.998, 2999.998, 2999.998, 2999.998, 2999.998, 2999.998, 2999.998, 2999.998, 2999.998, 2999.998, 2999.998, 2999.998, 2999.998, 2999.998, 2999.998, 2999.998, 2999.998, 2999.998, 2999.998]
2024-08-19 22:43:29.859801;[3600.228, 3599.989, 2999.998, 2999.998, 2999.998, 3599.403, 2999.998, 2999.998, 2999.998, 3203.798, 2999.998, 2999.998, 2999.998, 2999.998, 2999.998, 2999.998, 2999.998, 2999.998, 2999.998, 2999.998, 2999.998, 2999.998, 2999.998, 2999.998, 2999.998, 2999.998, 2999.998, 2999.998, 2999.998, 2999.998, 2999.998, 2999.998, 2999.998, 2999.998, 2999.998, 2999.998, 2999.998, 2999.998, 2999.998, 2999.998, 2999.998, 2999.998, 2999.998, 2999.998, 2999.998, 2999.998, 2999.998, 2999.998]
2024-08-19 22:43:31.862423;[3687.569, 3687.416, 2999.998, 2999.998, 2999.998, 3247.741, 2999.998, 2999.998, 2999.998, 2999.998, 2999.998, 2999.998, 2999.998, 2999.998, 2999.998, 2999.998, 2999.998, 2999.998, 2999.998, 2999.998, 2999.998, 2999.998, 2999.998, 2999.998, 2999.998, 2999.998, 2999.998, 2999.998, 2999.998, 2999.998, 2999.998, 2999.998, 2999.998, 2999.998, 2999.998, 2999.998, 2999.998, 2999.998, 2999.998, 2999.998, 2999.998, 2999.998, 2999.998, 2999.998, 2999.998, 2999.998, 2999.998, 2999.998]
2024-08-19 22:43:33.865041;[3600.006, 3600.3, 2999.998, 2999.998, 2999.998, 3229.356, 2999.998, 2999.998, 2999.998, 2999.998, 2999.998, 2999.998, 2999.998, 2999.998, 2999.998, 2999.998, 2999.998, 2999.998, 2999.998, 2999.998, 2999.998, 2999.998, 2999.998, 2999.998, 2999.998, 2999.998, 2999.998, 2999.998, 2999.998, 2999.998, 2999.998, 2999.998, 2999.998, 2999.998, 2999.998, 2999.998, 2999.998, 2999.998, 2999.998, 2999.998, 2999.998, 2999.998, 2999.998, 2999.998, 2999.998, 2999.998, 2999.998, 2999.998]
2024-08-19 22:43:35.867623;[3692.128, 3692.175, 2999.998, 2999.998, 2999.998, 3691.892, 2999.998, 2999.998, 2999.998, 3196.59, 2999.998, 2999.998, 2999.998, 2999.998, 2999.998, 2999.998, 2999.998, 2999.998, 2999.998, 2999.998, 2999.998, 2999.998, 2999.998, 2999.998, 2999.998, 2999.998, 2999.998, 2999.998, 2999.998, 2999.998, 2999.998, 2999.998, 2999.998, 2999.998, 2999.998, 2999.998, 2999.998, 2999.998, 2999.998, 2999.998, 2999.998, 2999.998, 2999.998, 2999.998, 2999.998, 2999.998, 2999.998, 2999.998]
2024-08-19 22:43:37.870248;[3617.691, 3617.528, 2999.998, 2999.998, 2999.998, 3254.157, 2999.998, 2999.998, 2999.998, 2999.998, 2999.998, 2999.998, 2999.998, 2999.998, 2999.998, 2999.998, 2999.998, 2999.998, 2999.998, 2999.998, 2999.998, 2999.998, 2999.998, 2999.998, 2999.998, 2999.998, 2999.998, 2999.998, 2999.998, 2999.998, 2999.998, 2999.998, 2999.998, 2999.998, 2999.998, 2999.998, 2999.998, 2999.998, 2999.998, 2999.998, 2999.998, 2999.998, 2999.998, 2999.998, 2999.998, 2999.998, 2999.998, 2999.998]
2024-08-19 22:43:39.872827;[3599.878, 3600.079, 2999.998, 2999.998, 2999.998, 3599.182, 2999.998, 2999.998, 2999.998, 2999.998, 2999.998, 2999.998, 2999.998, 2999.998, 2999.998, 2999.998, 2999.998, 2999.998, 2999.998, 2999.998, 2999.998, 2999.998, 2999.998, 2999.998, 2999.998, 2999.998, 2999.998, 2999.998, 2999.998, 2999.998, 2999.998, 2999.998, 2999.998, 2999.998, 2999.998, 2999.998, 2999.998, 2999.998, 2999.998, 2999.998, 2999.998, 2999.998, 2999.998, 2999.998, 2999.998, 2999.998, 2999.998, 2999.998]
2024-08-19 22:43:41.875438;[3700.088, 3700.165, 2999.998, 2999.998, 2999.998, 3692.379, 2999.998, 2999.998, 2999.998, 2999.998, 2999.998, 2999.998, 2999.998, 2999.998, 2999.998, 2999.998, 2999.998, 2999.998, 2999.998, 2999.998, 2999.998, 2999.998, 2999.998, 2999.998, 2999.998, 2999.998, 2999.998, 2999.998, 2999.998, 2999.998, 2999.998, 2999.998, 2999.998, 2999.998, 2999.998, 2999.998, 2999.998, 2999.998, 2999.998, 2999.998, 2999.998, 2999.998, 2999.998, 2999.998, 2999.998, 2999.998, 2999.998, 2999.998]
2024-08-19 22:43:43.878006;[3687.261, 3687.332, 2999.998, 3296.816, 2999.998, 3293.661, 2999.998, 2999.998, 2999.998, 3206.713, 2999.998, 2999.998, 2999.998, 2999.998, 2999.998, 2999.998, 2999.998, 2999.998, 2999.998, 2999.998, 2999.998, 2999.998, 2999.998, 2999.998, 2999.998, 2999.998, 2999.998, 2999.998, 2999.998, 2999.998, 2999.998, 2999.998, 2999.998, 2999.998, 2999.998, 2999.998, 2999.998, 2999.998, 2999.998, 2999.998, 2999.998, 2999.998, 2999.998, 2999.998, 2999.998, 2999.998, 2999.998, 2999.998]
2024-08-19 22:43:45.880596;[3599.991, 3600.073, 2999.998, 2999.998, 2999.998, 3599.567, 2999.998, 2999.998, 2999.998, 2999.998, 2999.998, 2999.998, 2999.998, 2999.998, 2999.998, 2999.998, 2999.998, 2999.998, 2999.998, 2999.998, 2999.998, 2999.998, 2999.998, 2999.998, 2999.998, 2999.998, 2999.998, 2999.998, 2999.998, 2999.998, 2999.998, 2999.998, 2999.998, 2999.998, 2999.998, 2999.998, 2999.998, 2999.998, 2999.998, 2999.998, 2999.998, 2999.998, 2999.998, 2999.998, 2999.998, 2999.998, 2999.998, 2999.998]
2024-08-19 22:43:47.883202;[3699.94, 3700.071, 2999.998, 2999.998, 2999.998, 3231.422, 2999.998, 2999.998, 2999.998, 2999.998, 2999.998, 2999.998, 2999.998, 2999.998, 2999.998, 2999.998, 2999.998, 2999.998, 2999.998, 2999.998, 2999.998, 2999.998, 2999.998, 2999.998, 2999.998, 2999.998, 2999.998, 2999.998, 2999.998, 2999.998, 2999.998, 2999.998, 2999.998, 2999.998, 2999.998, 2999.998, 2999.998, 2999.998, 2999.998, 2999.998, 2999.998, 2999.998, 2999.998, 2999.998, 2999.998, 2999.998, 2999.998, 2999.998]
2024-08-19 22:43:49.885738;[3690.34, 3690.216, 2999.998, 2999.998, 2999.998, 3690.343, 2999.998, 2999.998, 2999.998, 3207.571, 2999.998, 2999.998, 3213.679, 2999.998, 2999.998, 2999.998, 2999.998, 2999.998, 2999.998, 2999.998, 2999.998, 2999.998, 2999.998, 2999.998, 2999.998, 2999.998, 2999.998, 2999.998, 2999.998, 2999.998, 2999.998, 2999.998, 2999.998, 2999.998, 2999.998, 2999.998, 2999.998, 2999.998, 2999.998, 2999.998, 2999.998, 2999.998, 2999.998, 2999.998, 2999.998, 2999.998, 2999.998, 2999.998]
2024-08-19 22:43:51.888321;[3637.243, 3637.272, 2999.998, 2999.998, 2999.998, 3237.258, 2999.998, 2999.998, 2999.998, 2999.998, 2999.998, 2999.998, 3210.291, 2999.998, 2999.998, 2999.998, 2999.998, 2999.998, 2999.998, 2999.998, 2999.998, 2999.998, 2999.998, 2999.998, 2999.998, 2999.998, 2999.998, 2999.998, 2999.998, 2999.998, 2999.998, 2999.998, 2999.998, 2999.998, 2999.998, 2999.998, 2999.998, 2999.998, 2999.998, 2999.998, 2999.998, 2999.998, 2999.998, 2999.998, 2999.998, 2999.998, 2999.998, 2999.998]
2024-08-19 22:43:53.891005;[3684.57, 3684.838, 2999.998, 2999.998, 2999.998, 3238.118, 2999.998, 2999.998, 2999.998, 2999.998, 2999.998, 2999.998, 2999.998, 2999.998, 2999.998, 2999.998, 2999.998, 2999.998, 2999.998, 2999.998, 2999.998, 2999.998, 2999.998, 2999.998, 2999.998, 2999.998, 2999.998, 2999.998, 2999.998, 2999.998, 2999.998, 2999.998, 2999.998, 2999.998, 2999.998, 2999.998, 2999.998, 2999.998, 2999.998, 2999.998, 2999.998, 2999.998, 2999.998, 2999.998, 2999.998, 2999.998, 2999.998, 2999.998]
2024-08-19 22:43:55.893545;[3690.039, 3690.142, 2999.998, 2999.998, 2999.998, 3689.875, 2999.998, 2999.998, 2999.998, 2999.998, 2999.998, 2999.998, 2999.998, 2999.998, 2999.998, 2999.998, 2999.998, 2999.998, 2999.998, 2999.998, 2999.998, 2999.998, 2999.998, 2999.998, 2999.998, 2999.998, 2999.998, 2999.998, 2999.998, 2999.998, 2999.998, 2999.998, 2999.998, 2999.998, 2999.998, 2999.998, 2999.998, 2999.998, 2999.998, 2999.998, 2999.998, 2999.998, 2999.998, 2999.998, 2999.998, 2999.998, 2999.998, 2999.998]
2024-08-19 22:43:57.896141;[3692.186, 3692.584, 2999.998, 2999.998, 2999.998, 3247.222, 2999.998, 2999.998, 2999.998, 3199.664, 2999.998, 2999.998, 2999.998, 2999.998, 2999.998, 2999.998, 2999.998, 2999.998, 2999.998, 2999.998, 2999.998, 2999.998, 2999.998, 2999.998, 2999.998, 2999.998, 2999.998, 2999.998, 2999.998, 2999.998, 2999.998, 3213.332, 2999.998, 2999.998, 2999.998, 2999.998, 2999.998, 2999.998, 2999.998, 2999.998, 2999.998, 2999.998, 2999.998, 2999.998, 2999.998, 2999.998, 2999.998, 2999.998]
2024-08-19 22:43:59.898777;[2999.998, 2999.998, 2999.998, 3763.464, 3212.798, 3699.356, 2999.998, 2999.998, 2999.998, 2999.998, 2999.998, 3602.629, 2999.998, 2999.998, 2999.998, 2999.998, 2999.998, 2999.998, 2999.998, 2999.998, 2999.998, 2999.998, 2999.998, 2999.998, 2999.998, 2999.998, 2999.998, 2999.998, 2999.998, 3403.807, 2999.998, 2999.998, 2999.998, 2999.998, 3699.993, 2999.998, 1530.358, 2999.998, 2999.998, 2999.998, 2999.998, 2999.998, 2999.998, 2999.998, 2999.998, 2999.998, 2999.998, 2999.998]
2024-08-19 22:44:01.901240;[2999.998, 2999.998, 2999.998, 2999.998, 2999.998, 3899.402, 2999.998, 2999.998, 2999.998, 2999.998, 2999.998, 2999.998, 2999.998, 2999.998, 2999.998, 2999.998, 2999.998, 2999.998, 2999.998, 2999.998, 2999.998, 2999.998, 2999.998, 2999.998, 2999.998, 2999.998, 2999.998, 2999.998, 2999.998, 2999.998, 2999.998, 2999.998, 2999.998, 2999.998, 2999.998, 2999.998, 2999.998, 2999.998, 2999.998, 2999.998, 2999.998, 2999.998, 2999.998, 2999.998, 2999.998, 2999.998, 2999.998, 2999.998]
2024-08-19 22:44:03.904152;[2999.998, 1257.594, 2999.998, 2999.998, 2999.998, 3739.693, 2999.998, 2999.998, 2999.998, 1241.424, 2999.998, 2999.998, 2999.998, 2999.998, 2999.998, 2999.998, 2999.998, 2999.998, 2999.998, 2999.998, 2999.998, 2999.998, 2999.998, 2999.998, 2999.998, 2999.998, 2999.998, 2999.998, 2999.998, 2999.998, 2999.998, 2999.998, 2999.998, 2999.998, 2999.998, 2999.998, 2999.998, 2999.998, 2999.998, 2999.998, 2999.998, 2999.998, 2999.998, 2999.998, 2999.998, 2999.998, 2999.998, 2999.998]
2024-08-19 22:44:05.906972;[2999.998, 2999.998, 2999.998, 2999.998, 2999.998, 2510.38, 2999.998, 2999.998, 2999.998, 2999.998, 2999.998, 2999.998, 2999.998, 2999.998, 2999.998, 2999.998, 2999.998, 2999.998, 2999.998, 2999.998, 2999.998, 2999.998, 2999.998, 2999.998, 2999.998, 2999.998, 2999.998, 2999.998, 2999.998, 2999.998, 2999.998, 2999.998, 2999.998, 2999.998, 2999.998, 2999.998, 2999.998, 2999.998, 2999.998, 2999.998, 2999.998, 2999.998, 2999.998, 2999.998, 2999.998, 2999.998, 2999.998, 2999.998]
