timestamp, frequency_per_core
2024-08-20 00:41:49.417837;[2600.0, 2600.0, 2600.0, 2600.0, 2600.0, 2600.0, 2600.0, 2600.0, 2600.0, 3356.366, 2600.0, 2600.0, 2600.0, 2600.0, 2600.0, 2600.0, 2600.0, 2600.0, 2600.0, 2600.0, 2600.0, 2600.0, 2897.488, 2600.0, 2600.0, 2600.0, 2600.0, 2600.0, 2600.0, 2600.0, 2600.0, 2600.0, 2600.0, 2600.0, 2600.0, 2600.0, 2600.0, 2600.0, 2600.0, 2600.0, 2600.0, 2600.0, 2600.0, 2600.0, 2600.0, 2600.0, 2600.0, 2600.0]
2024-08-20 00:41:51.420335;[3699.978, 2600.0, 2600.0, 2600.0, 2600.0, 2600.0, 2600.0, 2600.0, 2600.0, 3699.969, 2600.0, 2600.0, 2600.0, 2600.0, 2600.0, 2600.0, 2600.0, 2600.0, 2600.0, 2600.0, 2600.0, 2600.0, 2600.0, 2600.0, 2600.0, 2600.0, 2600.0, 2600.0, 2600.0, 2600.0, 2600.0, 2600.0, 2600.0, 2600.0, 2600.0, 2600.0, 2600.0, 2600.0, 2600.0, 2600.0, 2600.0, 2600.0, 2600.0, 2600.0, 2600.0, 2600.0, 2600.0, 2600.0]
2024-08-20 00:41:53.422739;[3698.545, 2600.0, 2600.0, 2600.0, 2600.0, 2600.0, 2600.0, 2600.0, 2600.0, 2878.078, 2600.0, 2600.0, 2600.0, 2600.0, 2600.0, 2600.0, 2600.0, 2600.0, 2600.0, 2600.0, 2600.0, 2600.0, 2600.0, 2600.0, 2600.0, 2600.0, 2600.0, 2600.0, 2600.0, 2600.0, 2600.0, 2600.0, 2600.0, 2600.0, 2600.0, 2600.0, 2600.0, 2600.0, 2600.0, 2600.0, 2600.0, 2600.0, 2600.0, 2600.0, 2600.0, 2600.0, 2600.0, 2600.0]
2024-08-20 00:41:55.425127;[3699.957, 2600.0, 3698.393, 2600.0, 2600.0, 2600.0, 2600.0, 2600.0, 2600.0, 2681.284, 2600.0, 2600.0, 2703.61, 2600.0, 2600.0, 2600.0, 2600.0, 2600.0, 2600.0, 2600.0, 2600.0, 2600.0, 2600.0, 2600.0, 2600.0, 2600.0, 2600.0, 2600.0, 2600.0, 2600.0, 2600.0, 2600.0, 2600.0, 2600.0, 2600.0, 2600.0, 2600.0, 2600.0, 2600.0, 2600.0, 2600.0, 2600.0, 2600.0, 2600.0, 2600.0, 2600.0, 2600.0, 2600.0]
2024-08-20 00:41:57.427505;[3700.036, 2600.0, 2600.0, 2600.0, 2600.0, 2600.0, 2600.0, 2600.0, 2600.0, 3679.417, 2600.0, 2600.0, 2600.0, 2600.0, 2600.0, 2600.0, 2600.0, 2600.0, 2600.0, 2600.0, 2600.0, 2600.0, 2600.0, 2600.0, 2600.0, 2600.0, 2600.0, 2600.0, 2600.0, 2600.0, 2600.0, 2600.0, 2600.0, 2600.0, 2600.0, 2600.0, 2600.0, 2600.0, 2600.0, 2600.0, 2600.0, 2600.0, 2600.0, 2600.0, 2600.0, 2600.0, 2600.0, 2600.0]
2024-08-20 00:41:59.429896;[3699.984, 2600.0, 2600.0, 2600.0, 2600.0, 2600.0, 2600.0, 2600.0, 2600.0, 3148.494, 2600.0, 2600.0, 2600.0, 2600.0, 2600.0, 2600.0, 2600.0, 2600.0, 2600.0, 2600.0, 2600.0, 2600.0, 2600.0, 2600.0, 2600.0, 2600.0, 2600.0, 2600.0, 2600.0, 2600.0, 2600.0, 2600.0, 2600.0, 2600.0, 2600.0, 2600.0, 2600.0, 2600.0, 2600.0, 2600.0, 2600.0, 2600.0, 2600.0, 2600.0, 2600.0, 2600.0, 2600.0, 2600.0]
2024-08-20 00:42:01.432270;[3700.068, 2600.0, 2600.0, 2600.0, 2600.0, 2600.0, 2600.0, 2600.0, 2600.0, 3699.37, 2600.0, 2600.0, 2600.0, 2600.0, 2600.0, 2600.0, 2600.0, 2600.0, 2600.0, 2600.0, 2600.0, 2600.0, 2600.0, 2600.0, 2600.0, 2600.0, 2600.0, 2600.0, 2600.0, 2600.0, 2600.0, 2600.0, 2600.0, 2600.0, 2600.0, 2600.0, 2600.0, 2600.0, 2600.0, 2600.0, 2600.0, 2600.0, 2600.0, 2600.0, 2600.0, 2600.0, 2600.0, 2600.0]
2024-08-20 00:42:03.434644;[3700.018, 2600.0, 2600.0, 2600.0, 2600.0, 2600.0, 2600.0, 2600.0, 2600.0, 3150.97, 2600.0, 2600.0, 2600.0, 2600.0, 2600.0, 2600.0, 2600.0, 2600.0, 2600.0, 2600.0, 2600.0, 2600.0, 2600.0, 2600.0, 2600.0, 2600.0, 2600.0, 2600.0, 2600.0, 2600.0, 2600.0, 2600.0, 2600.0, 2600.0, 2600.0, 2600.0, 2600.0, 2600.0, 2600.0, 2600.0, 2600.0, 2600.0, 2600.0, 2600.0, 2600.0, 2600.0, 2600.0, 2600.0]
2024-08-20 00:42:05.437020;[3700.877, 2600.0, 2600.0, 2600.0, 2600.0, 2600.0, 2600.0, 2600.0, 2600.0, 2741.794, 2600.0, 2600.0, 2600.0, 2600.0, 2600.0, 2600.0, 2600.0, 2600.0, 2600.0, 2600.0, 2600.0, 2600.0, 2600.0, 2600.0, 2600.0, 2600.0, 2600.0, 2600.0, 2600.0, 2600.0, 2600.0, 2600.0, 2600.0, 2600.0, 2600.0, 2600.0, 2600.0, 2600.0, 2600.0, 2600.0, 2600.0, 2600.0, 2600.0, 2600.0, 2600.0, 2600.0, 2600.0, 2600.0]
2024-08-20 00:42:07.439445;[3699.943, 2600.0, 2600.0, 2600.0, 2600.0, 2600.0, 2600.0, 2600.0, 2600.0, 3679.514, 2600.0, 2600.0, 2600.0, 2600.0, 2600.0, 2600.0, 2600.0, 2600.0, 2600.0, 2600.0, 2600.0, 2600.0, 2600.0, 2600.0, 2600.0, 2600.0, 2600.0, 2600.0, 2600.0, 2600.0, 2600.0, 2600.0, 2600.0, 2600.0, 2600.0, 2600.0, 2600.0, 2600.0, 2600.0, 2600.0, 2600.0, 2600.0, 2600.0, 2600.0, 2600.0, 2600.0, 2600.0, 2600.0]
2024-08-20 00:42:09.441844;[3699.934, 2600.0, 2600.0, 2600.0, 2600.0, 2600.0, 2600.0, 2600.0, 2600.0, 2717.661, 2600.0, 2600.0, 2600.0, 2600.0, 2600.0, 2600.0, 2600.0, 2600.0, 2600.0, 2600.0, 2600.0, 2600.0, 2600.0, 2600.0, 2600.0, 2600.0, 2600.0, 2600.0, 2600.0, 2600.0, 2600.0, 2600.0, 2600.0, 2600.0, 2600.0, 2600.0, 2600.0, 2600.0, 2600.0, 2600.0, 2600.0, 2600.0, 2600.0, 2600.0, 2600.0, 2600.0, 2600.0, 2600.0]
2024-08-20 00:42:11.444217;[3700.348, 2600.0, 2600.0, 2600.0, 2600.0, 2600.0, 2600.0, 2600.0, 2600.0, 3699.63, 2600.0, 2600.0, 2600.0, 2600.0, 2600.0, 2600.0, 2600.0, 2600.0, 2600.0, 2600.0, 2600.0, 2600.0, 2600.0, 2600.0, 2600.0, 2600.0, 2600.0, 2600.0, 2600.0, 2600.0, 2600.0, 2600.0, 2600.0, 2600.0, 2600.0, 2600.0, 2600.0, 2600.0, 2600.0, 2600.0, 2600.0, 2600.0, 2600.0, 2600.0, 2600.0, 2600.0, 2600.0, 2600.0]
2024-08-20 00:42:13.446603;[3699.937, 2600.0, 2600.0, 2600.0, 2600.0, 2600.0, 2600.0, 2600.0, 2600.0, 3699.463, 2600.0, 2600.0, 2600.0, 2600.0, 2600.0, 2600.0, 2600.0, 2600.0, 2600.0, 2600.0, 2600.0, 2600.0, 2600.0, 2600.0, 2600.0, 2600.0, 2600.0, 2600.0, 2600.0, 2600.0, 2600.0, 2600.0, 2600.0, 2600.0, 2600.0, 2600.0, 2600.0, 2600.0, 2600.0, 2600.0, 2600.0, 2600.0, 2600.0, 2600.0, 2600.0, 2600.0, 2600.0, 2600.0]
2024-08-20 00:42:15.448947;[3700.096, 2600.0, 2600.0, 2600.0, 2600.0, 2600.0, 2600.0, 2600.0, 2600.0, 2711.564, 2600.0, 2600.0, 2600.0, 2600.0, 2600.0, 2600.0, 2600.0, 2600.0, 2600.0, 2600.0, 2600.0, 2600.0, 2600.0, 2600.0, 2600.0, 2600.0, 2600.0, 2600.0, 2600.0, 2600.0, 2600.0, 2600.0, 2600.0, 2600.0, 2600.0, 2600.0, 2600.0, 2600.0, 2600.0, 2600.0, 2600.0, 2600.0, 2600.0, 2600.0, 2600.0, 2600.0, 2600.0, 2600.0]
2024-08-20 00:42:17.451306;[3700.287, 2600.0, 2600.0, 2600.0, 2600.0, 2600.0, 2600.0, 2600.0, 2600.0, 3678.303, 2600.0, 2600.0, 2600.0, 2600.0, 2600.0, 2600.0, 2600.0, 2600.0, 2600.0, 2600.0, 2600.0, 2600.0, 2600.0, 2600.0, 2600.0, 2600.0, 2600.0, 2600.0, 2600.0, 2600.0, 2600.0, 2600.0, 2600.0, 2600.0, 2600.0, 2600.0, 2600.0, 2600.0, 2600.0, 2600.0, 2600.0, 2600.0, 2600.0, 2600.0, 2600.0, 2600.0, 2600.0, 2600.0]
2024-08-20 00:42:19.453675;[3699.838, 2600.0, 2600.0, 2600.0, 2600.0, 2600.0, 2600.0, 2600.0, 2600.0, 3011.265, 2600.0, 2600.0, 2600.0, 2600.0, 2600.0, 2600.0, 2600.0, 2600.0, 2600.0, 2600.0, 2600.0, 2600.0, 2600.0, 2600.0, 2600.0, 2600.0, 2600.0, 2600.0, 2600.0, 2600.0, 2600.0, 2600.0, 2600.0, 2600.0, 2600.0, 2600.0, 2600.0, 2600.0, 2680.503, 2600.0, 2600.0, 2600.0, 2600.0, 2600.0, 2600.0, 2600.0, 2600.0, 2600.0]
2024-08-20 00:42:21.456045;[3699.905, 2600.0, 2600.0, 2600.0, 2600.0, 2600.0, 2600.0, 2600.0, 2600.0, 2689.588, 2600.0, 2600.0, 2600.0, 2600.0, 2600.0, 2600.0, 2600.0, 2600.0, 2548.352, 2600.0, 2600.0, 2600.0, 2600.0, 2600.0, 2600.0, 2600.0, 2600.0, 2600.0, 2600.0, 2600.0, 2600.0, 2600.0, 2600.0, 2600.0, 2600.0, 2600.0, 2600.0, 2600.0, 2600.0, 2600.0, 2600.0, 2600.0, 2600.0, 2600.0, 2600.0, 2600.0, 2600.0, 2600.0]
2024-08-20 00:42:23.458437;[3699.673, 2600.0, 2600.0, 2600.0, 2600.0, 2600.0, 2600.0, 2600.0, 2600.0, 3700.373, 2600.0, 2600.0, 2600.0, 2600.0, 2600.0, 2600.0, 2600.0, 2600.0, 2600.0, 2600.0, 2600.0, 2600.0, 2600.0, 2600.0, 2600.0, 2600.0, 2600.0, 2600.0, 2600.0, 2600.0, 2600.0, 2600.0, 2600.0, 2600.0, 2600.0, 2600.0, 2600.0, 2600.0, 2600.0, 2600.0, 2600.0, 2600.0, 2600.0, 2600.0, 2600.0, 2600.0, 2600.0, 2600.0]
2024-08-20 00:42:25.460832;[3699.981, 2600.0, 2600.0, 2600.0, 2600.0, 2600.0, 2600.0, 2600.0, 2600.0, 2724.203, 2600.0, 2600.0, 2600.0, 2600.0, 2600.0, 2600.0, 2600.0, 2600.0, 2600.0, 2600.0, 2600.0, 2600.0, 2600.0, 2600.0, 2600.0, 2600.0, 2600.0, 2600.0, 2600.0, 2600.0, 2600.0, 2600.0, 2600.0, 2600.0, 2600.0, 2600.0, 2600.0, 2600.0, 2600.0, 2600.0, 2600.0, 2600.0, 2600.0, 2600.0, 2600.0, 2600.0, 2600.0, 2600.0]
2024-08-20 00:42:27.463268;[3700.012, 2600.0, 2600.0, 2600.0, 2600.0, 2600.0, 2600.0, 2600.0, 2600.0, 3679.114, 2600.0, 2600.0, 2600.0, 2600.0, 2600.0, 2600.0, 2600.0, 2600.0, 2600.0, 2600.0, 2600.0, 2600.0, 2600.0, 2600.0, 2600.0, 2600.0, 2600.0, 2600.0, 2600.0, 2600.0, 2600.0, 2600.0, 2600.0, 2600.0, 2600.0, 2600.0, 2600.0, 2600.0, 2600.0, 2600.0, 2600.0, 2600.0, 2600.0, 2600.0, 2600.0, 2600.0, 2600.0, 2600.0]
2024-08-20 00:42:29.465637;[3700.004, 2600.0, 2600.0, 2600.0, 2600.0, 2600.0, 2600.0, 2600.0, 2600.0, 2838.026, 2600.0, 2600.0, 2600.0, 2600.0, 2600.0, 2600.0, 2600.0, 2600.0, 2600.0, 2600.0, 2600.0, 2600.0, 2600.0, 2600.0, 2600.0, 2600.0, 2600.0, 2600.0, 2600.0, 2600.0, 2600.0, 2600.0, 2600.0, 2600.0, 2600.0, 2600.0, 2600.0, 2600.0, 2600.0, 2600.0, 2600.0, 2600.0, 2600.0, 2600.0, 2600.0, 2600.0, 2600.0, 2600.0]
2024-08-20 00:42:31.468020;[3700.025, 2600.0, 2600.0, 2600.0, 2600.0, 2600.0, 2600.0, 2600.0, 2600.0, 2688.796, 2600.0, 2600.0, 2600.0, 2600.0, 2600.0, 2600.0, 2600.0, 2600.0, 2600.0, 2600.0, 2600.0, 2600.0, 2600.0, 2600.0, 2600.0, 2600.0, 2600.0, 2600.0, 2600.0, 2600.0, 2600.0, 2600.0, 2600.0, 2600.0, 2600.0, 2600.0, 2600.0, 2600.0, 2600.0, 2600.0, 2600.0, 2600.0, 2600.0, 2600.0, 2600.0, 2600.0, 2600.0, 2600.0]
2024-08-20 00:42:33.470424;[3700.008, 2600.0, 2600.0, 2600.0, 2600.0, 3696.762, 2600.0, 2600.0, 2600.0, 3699.098, 2600.0, 2600.0, 2600.0, 2600.0, 2600.0, 2600.0, 2600.0, 2600.0, 2600.0, 2600.0, 2600.0, 2600.0, 2600.0, 2600.0, 2600.0, 2600.0, 2600.0, 2600.0, 2600.0, 2600.0, 2600.0, 2600.0, 2600.0, 2600.0, 2600.0, 2600.0, 2600.0, 2600.0, 2600.0, 2600.0, 2600.0, 2600.0, 2600.0, 2600.0, 2600.0, 2600.0, 2600.0, 2600.0]
2024-08-20 00:42:35.472787;[3699.988, 2600.0, 2600.0, 2600.0, 2600.0, 2600.0, 2600.0, 2600.0, 2600.0, 2836.451, 2600.0, 2692.954, 2600.0, 2600.0, 2600.0, 2600.0, 2600.0, 2600.0, 2600.0, 2600.0, 2600.0, 2600.0, 2600.0, 2600.0, 2600.0, 2600.0, 2600.0, 2600.0, 2600.0, 2600.0, 2600.0, 2600.0, 2600.0, 2600.0, 2600.0, 2600.0, 2600.0, 2600.0, 2600.0, 2600.0, 2600.0, 2600.0, 2600.0, 2600.0, 2600.0, 2600.0, 2600.0, 2600.0]
2024-08-20 00:42:37.475155;[3699.987, 2600.0, 2600.0, 2600.0, 2600.0, 2600.0, 2600.0, 2600.0, 2600.0, 3680.426, 2600.0, 2600.0, 2600.0, 2600.0, 2600.0, 2600.0, 2600.0, 2600.0, 2600.0, 2600.0, 2600.0, 2600.0, 2600.0, 2600.0, 2600.0, 2600.0, 2600.0, 2600.0, 2600.0, 2600.0, 2600.0, 2600.0, 2600.0, 2600.0, 2600.0, 2600.0, 2600.0, 2600.0, 2600.0, 2600.0, 2600.0, 2600.0, 2600.0, 2600.0, 2600.0, 2600.0, 2600.0, 2600.0]
2024-08-20 00:42:39.477913;[3699.892, 2600.0, 2600.0, 2600.0, 2600.0, 2600.0, 2600.0, 2600.0, 2600.0, 2600.0, 2600.0, 2600.0, 2600.0, 2600.0, 2600.0, 2600.0, 2600.0, 2600.0, 2600.0, 2600.0, 2600.0, 2600.0, 2600.0, 2600.0, 2600.0, 2600.0, 2600.0, 2600.0, 2600.0, 2600.0, 2600.0, 2600.0, 3700.528, 2600.0, 2600.0, 2600.0, 2600.0, 2600.0, 2600.0, 2600.0, 2600.0, 2600.0, 2600.0, 2600.0, 2600.0, 2600.0, 2600.0, 2600.0]
2024-08-20 00:42:41.480296;[3699.921, 2600.0, 2600.0, 2600.0, 2600.0, 2600.0, 2600.0, 2600.0, 2600.0, 2600.0, 2600.0, 2600.0, 2600.0, 2600.0, 2600.0, 2600.0, 2600.0, 2600.0, 2600.0, 2600.0, 2600.0, 2600.0, 2600.0, 2600.0, 2600.0, 2600.0, 2600.0, 2600.0, 2600.0, 2600.0, 2600.0, 2600.0, 3699.882, 2600.0, 2600.0, 2600.0, 2600.0, 2600.0, 2600.0, 2600.0, 2600.0, 2600.0, 2600.0, 2600.0, 2600.0, 2600.0, 2600.0, 2600.0]
2024-08-20 00:42:43.483092;[3699.925, 2600.0, 2600.0, 2600.0, 2600.0, 2600.0, 2600.0, 2600.0, 2600.0, 2600.0, 2600.0, 2600.0, 2600.0, 2600.0, 2600.0, 2600.0, 3678.668, 2600.0, 2600.0, 2600.0, 2600.0, 2600.0, 2600.0, 2600.0, 2600.0, 2600.0, 2600.0, 2600.0, 2600.0, 2600.0, 2600.0, 2600.0, 2600.0, 2600.0, 2600.0, 2600.0, 2600.0, 2600.0, 2600.0, 2600.0, 2600.0, 2600.0, 2600.0, 2600.0, 2600.0, 2600.0, 2600.0, 2600.0]
2024-08-20 00:42:45.485839;[3700.038, 2600.0, 2600.0, 2600.0, 2600.0, 2600.0, 2600.0, 2600.0, 2600.0, 2600.0, 2600.0, 2600.0, 2600.0, 2600.0, 2600.0, 2600.0, 2600.0, 2600.0, 2600.0, 2600.0, 2600.0, 2600.0, 2600.0, 2600.0, 3699.543, 2600.0, 2600.0, 2600.0, 2600.0, 2600.0, 2600.0, 2600.0, 2600.0, 2600.0, 2600.0, 2600.0, 2600.0, 2600.0, 2600.0, 2600.0, 2600.0, 2600.0, 2600.0, 2600.0, 2600.0, 2600.0, 2600.0, 2600.0]
2024-08-20 00:42:47.488796;[3699.959, 2600.0, 2600.0, 2600.0, 2600.0, 2600.0, 2600.0, 2600.0, 2665.074, 2600.0, 2600.0, 2600.0, 2600.0, 2600.0, 2600.0, 2600.0, 2600.0, 2600.0, 2600.0, 2600.0, 2600.0, 2600.0, 2600.0, 2600.0, 2600.0, 2600.0, 2600.0, 2600.0, 2600.0, 2600.0, 2600.0, 2600.0, 2600.0, 2600.0, 2600.0, 2600.0, 2600.0, 2600.0, 2600.0, 2600.0, 2600.0, 2600.0, 2600.0, 2600.0, 2600.0, 2600.0, 2600.0, 2600.0]
2024-08-20 00:42:49.491191;[3700.462, 2600.0, 2600.0, 3696.001, 2600.0, 2600.0, 2600.0, 2600.0, 3678.256, 2600.0, 2600.0, 2600.0, 2600.0, 2600.0, 2600.0, 2600.0, 2600.0, 2600.0, 2600.0, 2600.0, 2600.0, 2600.0, 2600.0, 2600.0, 2600.0, 2600.0, 2600.0, 2600.0, 2600.0, 2600.0, 2600.0, 2600.0, 2600.0, 2600.0, 2600.0, 2600.0, 2600.0, 2600.0, 2600.0, 2600.0, 2600.0, 2600.0, 2600.0, 2600.0, 2600.0, 2600.0, 2600.0, 2600.0]
2024-08-20 00:42:51.493607;[3700.238, 2600.0, 2600.0, 2600.0, 2600.0, 2600.0, 2600.0, 2600.0, 2837.348, 2600.0, 2600.0, 2600.0, 2600.0, 2600.0, 2600.0, 2600.0, 2600.0, 2600.0, 2600.0, 2600.0, 2600.0, 2600.0, 2600.0, 2600.0, 2600.0, 2600.0, 2600.0, 2600.0, 2600.0, 2600.0, 2600.0, 2600.0, 2600.0, 2600.0, 2600.0, 2600.0, 2600.0, 2600.0, 2600.0, 2600.0, 2600.0, 2600.0, 2600.0, 2600.0, 2600.0, 2600.0, 2600.0, 2600.0]
2024-08-20 00:42:53.495999;[3700.071, 2600.0, 2600.0, 2600.0, 2600.0, 2600.0, 2600.0, 2600.0, 2751.858, 2600.0, 2600.0, 2600.0, 2600.0, 2600.0, 2600.0, 2600.0, 2600.0, 2600.0, 2600.0, 2600.0, 2600.0, 2600.0, 2600.0, 2600.0, 2600.0, 2600.0, 2600.0, 2600.0, 2600.0, 2600.0, 2600.0, 2600.0, 2600.0, 2600.0, 2600.0, 2600.0, 2600.0, 2600.0, 2600.0, 2600.0, 2600.0, 2600.0, 2600.0, 2600.0, 2600.0, 2600.0, 2600.0, 2600.0]
2024-08-20 00:42:55.498508;[3699.98, 2600.0, 2600.0, 2600.0, 2600.0, 2600.0, 2600.0, 2600.0, 2600.0, 2600.0, 2600.0, 2600.0, 2600.0, 2600.0, 2600.0, 3699.418, 2600.0, 2600.0, 2600.0, 2600.0, 2600.0, 2600.0, 2600.0, 2600.0, 2600.0, 2600.0, 2600.0, 2600.0, 2600.0, 2600.0, 2600.0, 2600.0, 2600.0, 2600.0, 2600.0, 2600.0, 2600.0, 2600.0, 2600.0, 2600.0, 2600.0, 2600.0, 2600.0, 2600.0, 2600.0, 2600.0, 2600.0, 2600.0]
2024-08-20 00:42:57.500930;[3699.84, 2600.0, 2600.0, 2600.0, 2600.0, 2600.0, 2600.0, 2600.0, 2600.0, 2600.0, 2600.0, 2600.0, 2600.0, 2600.0, 2600.0, 2648.213, 2600.0, 2600.0, 2600.0, 2600.0, 2600.0, 2600.0, 2600.0, 2600.0, 2600.0, 2600.0, 2600.0, 2600.0, 2600.0, 2600.0, 2600.0, 2600.0, 2600.0, 2600.0, 2600.0, 2600.0, 2600.0, 2600.0, 2600.0, 2600.0, 2600.0, 2600.0, 2600.0, 2600.0, 2600.0, 2600.0, 2600.0, 2600.0]
2024-08-20 00:42:59.503325;[3699.925, 2600.0, 2600.0, 2600.0, 2600.0, 2600.0, 2600.0, 2600.0, 2600.0, 2600.0, 2600.0, 2600.0, 2600.0, 2600.0, 2600.0, 3678.891, 2600.0, 2600.0, 2600.0, 2600.0, 2600.0, 2600.0, 2600.0, 2600.0, 2600.0, 2600.0, 2600.0, 2600.0, 2600.0, 2600.0, 2600.0, 2600.0, 2600.0, 2600.0, 2600.0, 2600.0, 2600.0, 2600.0, 2600.0, 2600.0, 2600.0, 2600.0, 2600.0, 2600.0, 2600.0, 2600.0, 2600.0, 2600.0]
2024-08-20 00:43:01.505746;[3700.086, 2600.0, 2600.0, 2600.0, 2600.0, 2600.0, 2600.0, 2600.0, 2600.0, 2600.0, 2600.0, 2600.0, 2600.0, 2600.0, 2600.0, 2673.361, 2600.0, 2600.0, 2600.0, 2600.0, 2600.0, 2600.0, 2600.0, 2600.0, 2600.0, 2600.0, 2600.0, 2600.0, 2600.0, 2600.0, 2600.0, 2600.0, 2600.0, 2600.0, 2600.0, 2600.0, 2600.0, 2600.0, 2600.0, 2600.0, 2600.0, 2600.0, 2600.0, 2600.0, 2600.0, 2600.0, 2600.0, 2600.0]
2024-08-20 00:43:03.508256;[3700.06, 2600.0, 2600.0, 2600.0, 2600.0, 2600.0, 2600.0, 2600.0, 2600.0, 2600.0, 3699.548, 2600.0, 2600.0, 2600.0, 2600.0, 2600.0, 2600.0, 2600.0, 2600.0, 2600.0, 2600.0, 2600.0, 2600.0, 2600.0, 2600.0, 2600.0, 2600.0, 2600.0, 2600.0, 2600.0, 2600.0, 2600.0, 2600.0, 2600.0, 2600.0, 2600.0, 2600.0, 2600.0, 2600.0, 2600.0, 2600.0, 2600.0, 2600.0, 2600.0, 2600.0, 2600.0, 2600.0, 2600.0]
2024-08-20 00:43:05.510633;[3699.918, 2600.0, 2600.0, 3697.141, 2600.0, 2600.0, 2600.0, 2600.0, 2600.0, 2600.0, 2688.168, 2600.0, 2600.0, 2600.0, 2600.0, 2600.0, 2600.0, 2600.0, 2600.0, 2600.0, 2600.0, 2600.0, 2600.0, 2600.0, 2600.0, 2600.0, 2600.0, 2600.0, 2600.0, 2600.0, 2600.0, 2600.0, 2600.0, 2600.0, 2600.0, 2600.0, 2600.0, 2600.0, 2600.0, 2600.0, 2600.0, 2600.0, 2600.0, 2600.0, 2600.0, 2600.0, 2600.0, 2600.0]
2024-08-20 00:43:07.513086;[3699.939, 2600.0, 2600.0, 2600.0, 2600.0, 2600.0, 2600.0, 2600.0, 2600.0, 2600.0, 3700.025, 2600.0, 2600.0, 2600.0, 2600.0, 2600.0, 2600.0, 2600.0, 2600.0, 2600.0, 2600.0, 2600.0, 2600.0, 2600.0, 2600.0, 2600.0, 2600.0, 2600.0, 2600.0, 2600.0, 2600.0, 2600.0, 2600.0, 2600.0, 2600.0, 2600.0, 2600.0, 2600.0, 2600.0, 2600.0, 2600.0, 2600.0, 2600.0, 2600.0, 2600.0, 2600.0, 2600.0, 2600.0]
2024-08-20 00:43:09.515519;[3699.933, 2600.0, 2600.0, 2600.0, 2600.0, 2600.0, 2600.0, 2600.0, 2600.0, 2600.0, 3677.868, 2600.0, 2600.0, 2600.0, 2600.0, 2600.0, 2600.0, 2600.0, 2600.0, 2600.0, 2600.0, 2600.0, 2600.0, 2600.0, 2600.0, 2600.0, 2600.0, 2600.0, 2600.0, 2600.0, 2600.0, 2600.0, 2600.0, 2600.0, 2600.0, 2600.0, 2600.0, 2600.0, 2600.0, 2600.0, 2600.0, 2600.0, 2600.0, 2600.0, 2600.0, 2600.0, 2600.0, 2600.0]
2024-08-20 00:43:11.517917;[3700.05, 2600.0, 2600.0, 2600.0, 2600.0, 2600.0, 2600.0, 2600.0, 2600.0, 2600.0, 2753.164, 2600.0, 2600.0, 2600.0, 2600.0, 2600.0, 2600.0, 2600.0, 2600.0, 2600.0, 2600.0, 2600.0, 2600.0, 2600.0, 2600.0, 2600.0, 2600.0, 2600.0, 2600.0, 2600.0, 2600.0, 2600.0, 2600.0, 2600.0, 2600.0, 2600.0, 2600.0, 2600.0, 2600.0, 2600.0, 2600.0, 2600.0, 2600.0, 2600.0, 2600.0, 2600.0, 2600.0, 2600.0]
2024-08-20 00:43:13.520292;[3700.068, 2600.0, 2600.0, 2600.0, 2600.0, 2600.0, 2600.0, 2600.0, 2600.0, 2600.0, 3699.844, 2600.0, 2600.0, 2600.0, 2600.0, 2600.0, 2600.0, 2600.0, 2600.0, 2600.0, 2600.0, 2600.0, 2600.0, 2600.0, 2600.0, 2600.0, 2600.0, 2600.0, 2600.0, 2600.0, 2600.0, 2600.0, 2600.0, 2600.0, 2600.0, 2600.0, 2600.0, 2600.0, 2600.0, 2600.0, 2600.0, 2600.0, 2600.0, 2600.0, 2600.0, 2600.0, 2600.0, 2600.0]
2024-08-20 00:43:15.522711;[3700.016, 2600.0, 2600.0, 2600.0, 2600.0, 2600.0, 2600.0, 2600.0, 2600.0, 2600.0, 3022.379, 2600.0, 2600.0, 2600.0, 2600.0, 2600.0, 2600.0, 2600.0, 2600.0, 2600.0, 2600.0, 2600.0, 2600.0, 2600.0, 2600.0, 2600.0, 2600.0, 2600.0, 2600.0, 2600.0, 2600.0, 2600.0, 2600.0, 2600.0, 2600.0, 2600.0, 2600.0, 2600.0, 2600.0, 2600.0, 2600.0, 2600.0, 2600.0, 2600.0, 2600.0, 2600.0, 2600.0, 2600.0]
2024-08-20 00:43:17.525098;[3699.99, 2600.0, 2600.0, 2600.0, 2600.0, 2600.0, 2600.0, 2600.0, 2600.0, 2600.0, 2743.632, 2600.0, 2600.0, 2600.0, 2600.0, 2600.0, 2600.0, 2600.0, 2600.0, 2600.0, 2600.0, 2600.0, 2600.0, 2600.0, 2600.0, 2600.0, 2600.0, 2600.0, 2600.0, 2600.0, 2600.0, 2600.0, 2600.0, 2600.0, 2600.0, 2600.0, 2600.0, 2600.0, 2600.0, 2600.0, 2600.0, 2600.0, 2600.0, 2600.0, 2600.0, 2600.0, 2600.0, 2600.0]
2024-08-20 00:43:19.527468;[2600.0, 2600.0, 2600.0, 2600.0, 2600.0, 2600.0, 2600.0, 2600.0, 2600.0, 2600.0, 3679.699, 2600.0, 2600.0, 2600.0, 2600.0, 2600.0, 2600.0, 2600.0, 2600.0, 2600.0, 2600.0, 2600.0, 2600.0, 2600.0, 2600.0, 2600.0, 2600.0, 2600.0, 2600.0, 2600.0, 2600.0, 2600.0, 2600.0, 2600.0, 2600.0, 2600.0, 2600.0, 2600.0, 2600.0, 2600.0, 2600.0, 2600.0, 2600.0, 2600.0, 2600.0, 2600.0, 2600.0, 2600.0]
2024-08-20 00:43:21.529887;[3700.063, 3699.575, 3481.893, 3443.373, 2600.0, 2600.0, 2600.0, 2600.0, 2600.0, 2600.0, 3048.662, 2600.0, 2600.0, 2600.0, 2600.0, 2600.0, 2600.0, 2600.0, 2600.0, 2600.0, 2600.0, 2911.877, 2600.0, 2600.0, 2600.0, 2600.0, 2600.0, 2600.0, 2600.0, 2600.0, 2600.0, 2600.0, 2600.0, 2600.0, 2600.0, 2600.0, 2600.0, 2600.0, 2600.0, 2600.0, 2836.157, 2600.0, 2600.0, 2600.0, 2600.0, 2600.0, 2600.0, 2600.0]
2024-08-20 00:43:23.532241;[3700.047, 3700.018, 2600.0, 2600.0, 2600.0, 2600.0, 2600.0, 2600.0, 2600.0, 2600.0, 3699.798, 2600.0, 2600.0, 2600.0, 2600.0, 2600.0, 2600.0, 2600.0, 2600.0, 2600.0, 2600.0, 2600.0, 2600.0, 2600.0, 2600.0, 2600.0, 2600.0, 2600.0, 2600.0, 2600.0, 2600.0, 2600.0, 2600.0, 2600.0, 2600.0, 2600.0, 2600.0, 2600.0, 2600.0, 2600.0, 2600.0, 2600.0, 2600.0, 2600.0, 2600.0, 2600.0, 2600.0, 2600.0]
2024-08-20 00:43:25.534615;[3700.032, 3700.014, 2600.0, 2600.0, 3661.672, 3679.821, 3697.84, 2600.0, 2600.0, 2600.0, 2691.14, 2600.0, 2600.0, 2600.0, 2600.0, 2600.0, 2600.0, 2600.0, 2600.0, 2600.0, 2600.0, 2600.0, 2600.0, 2600.0, 2600.0, 2600.0, 2600.0, 2600.0, 2600.0, 2604.524, 2600.0, 2600.0, 2600.0, 2600.0, 2600.0, 2600.0, 2600.0, 2600.0, 2600.0, 2600.0, 2600.0, 2600.0, 2600.0, 2600.0, 2600.0, 2600.0, 2600.0, 2600.0]
2024-08-20 00:43:27.537077;[3700.046, 3700.039, 2600.0, 2600.0, 2600.0, 2600.0, 2600.0, 2600.0, 2600.0, 2600.0, 3032.556, 2600.0, 2600.0, 2600.0, 2600.0, 2600.0, 2600.0, 2600.0, 2600.0, 2600.0, 2600.0, 2600.0, 2600.0, 2600.0, 2600.0, 2600.0, 2600.0, 2600.0, 2600.0, 2600.0, 2600.0, 2600.0, 2600.0, 2600.0, 2600.0, 2600.0, 2600.0, 2600.0, 2600.0, 2600.0, 2600.0, 2600.0, 2600.0, 2600.0, 2600.0, 2600.0, 2600.0, 2600.0]
2024-08-20 00:43:29.539469;[3699.96, 3699.809, 2600.0, 2600.0, 2600.0, 2600.0, 2600.0, 2600.0, 2600.0, 2600.0, 3679.914, 2600.0, 2600.0, 2600.0, 2600.0, 2600.0, 2600.0, 2600.0, 2600.0, 2600.0, 2600.0, 2600.0, 2600.0, 2600.0, 2600.0, 2600.0, 2600.0, 2600.0, 2600.0, 2600.0, 2600.0, 2600.0, 2600.0, 2600.0, 2600.0, 2600.0, 2600.0, 2600.0, 2600.0, 2600.0, 2600.0, 2600.0, 2600.0, 2600.0, 2600.0, 2600.0, 2600.0, 2600.0]
2024-08-20 00:43:31.541878;[3700.285, 3699.999, 2600.0, 2600.0, 2600.0, 2600.0, 2600.0, 2600.0, 2600.0, 2600.0, 2664.481, 2600.0, 2600.0, 2600.0, 2600.0, 2600.0, 2600.0, 2600.0, 2600.0, 2600.0, 2600.0, 2600.0, 2600.0, 2600.0, 2600.0, 2600.0, 2600.0, 2600.0, 2600.0, 2600.0, 2600.0, 2600.0, 2600.0, 2600.0, 2600.0, 2600.0, 2600.0, 2600.0, 2600.0, 2600.0, 2600.0, 2600.0, 2600.0, 2600.0, 2600.0, 2600.0, 2600.0, 2600.0]
2024-08-20 00:43:33.544273;[3700.29, 3700.032, 2600.0, 2600.0, 2600.0, 2600.0, 2600.0, 2600.0, 2600.0, 2600.0, 3699.821, 2600.0, 2600.0, 2600.0, 2600.0, 2600.0, 2600.0, 2600.0, 2600.0, 2600.0, 2600.0, 2600.0, 2600.0, 2600.0, 2600.0, 2600.0, 2600.0, 2600.0, 2600.0, 2600.0, 2600.0, 2600.0, 2600.0, 2600.0, 2600.0, 2600.0, 2600.0, 2600.0, 2600.0, 2600.0, 2600.0, 2600.0, 2600.0, 2600.0, 2600.0, 2600.0, 2600.0, 2600.0]
2024-08-20 00:43:35.546685;[3699.968, 3699.916, 2600.0, 2600.0, 2600.0, 2600.0, 2600.0, 2600.0, 2600.0, 2600.0, 2814.501, 2600.0, 2600.0, 2600.0, 2600.0, 2600.0, 2600.0, 2600.0, 2544.165, 2600.0, 2600.0, 2600.0, 2600.0, 2600.0, 2600.0, 2600.0, 2600.0, 2600.0, 2600.0, 2600.0, 2600.0, 2600.0, 2600.0, 2600.0, 2600.0, 2600.0, 2600.0, 2600.0, 2600.0, 2600.0, 2600.0, 2600.0, 2600.0, 2600.0, 2600.0, 2600.0, 2600.0, 2600.0]
2024-08-20 00:43:37.549069;[3699.605, 3700.194, 2600.0, 2600.0, 2600.0, 2600.0, 2600.0, 3696.396, 2600.0, 2600.0, 2641.821, 2600.0, 2600.0, 2600.0, 2600.0, 2600.0, 2600.0, 2600.0, 2600.0, 2600.0, 2506.204, 2600.0, 2600.0, 2600.0, 2600.0, 2600.0, 2600.0, 2600.0, 2600.0, 2600.0, 2600.0, 2600.0, 2600.0, 2600.0, 2600.0, 2600.0, 2600.0, 2600.0, 2600.0, 2600.0, 2600.0, 2600.0, 2600.0, 2600.0, 2600.0, 2600.0, 2600.0, 2600.0]
2024-08-20 00:43:39.551464;[3699.928, 3699.741, 2600.0, 2600.0, 2600.0, 2600.0, 2600.0, 2600.0, 2600.0, 2600.0, 3679.204, 2600.0, 2600.0, 2600.0, 2600.0, 2600.0, 2600.0, 2600.0, 2600.0, 2600.0, 2600.0, 2600.0, 2600.0, 2600.0, 2600.0, 2600.0, 2600.0, 2600.0, 2600.0, 2600.0, 2600.0, 2600.0, 2600.0, 2600.0, 2600.0, 2600.0, 2600.0, 2600.0, 2600.0, 2600.0, 2600.0, 2600.0, 2600.0, 2600.0, 2600.0, 2600.0, 2600.0, 2600.0]
2024-08-20 00:43:41.553852;[3700.651, 3699.625, 2600.0, 2600.0, 2600.0, 2600.0, 2600.0, 2600.0, 2600.0, 2600.0, 2807.951, 2600.0, 2600.0, 2600.0, 2600.0, 2600.0, 2600.0, 2600.0, 2600.0, 2600.0, 2507.777, 2600.0, 2600.0, 2600.0, 2600.0, 2600.0, 2600.0, 2600.0, 2600.0, 2600.0, 2600.0, 2600.0, 2600.0, 2600.0, 2600.0, 2600.0, 2600.0, 2600.0, 2600.0, 2600.0, 2600.0, 2600.0, 2600.0, 2600.0, 2600.0, 2600.0, 2600.0, 2600.0]
2024-08-20 00:43:43.556230;[3700.401, 3700.864, 2600.0, 2600.0, 2600.0, 2600.0, 2600.0, 2600.0, 2600.0, 2600.0, 3699.574, 2600.0, 2600.0, 2600.0, 2600.0, 2600.0, 2600.0, 2600.0, 2600.0, 2600.0, 2600.0, 2600.0, 2600.0, 2600.0, 2600.0, 2600.0, 2600.0, 2600.0, 2600.0, 2600.0, 2600.0, 2600.0, 2600.0, 2600.0, 2600.0, 2600.0, 2600.0, 2600.0, 2600.0, 2600.0, 2600.0, 2600.0, 2600.0, 2600.0, 2600.0, 2600.0, 2600.0, 2600.0]
2024-08-20 00:43:45.558619;[3700.005, 3700.034, 2600.0, 2600.0, 2600.0, 2600.0, 2600.0, 2600.0, 2600.0, 2600.0, 2689.713, 2600.0, 2600.0, 2600.0, 2600.0, 2600.0, 2600.0, 2600.0, 2600.0, 2600.0, 2517.943, 2600.0, 2600.0, 2600.0, 2600.0, 2600.0, 2600.0, 2600.0, 2600.0, 2600.0, 2600.0, 2600.0, 2600.0, 2600.0, 2600.0, 2600.0, 2600.0, 2600.0, 2600.0, 2600.0, 2600.0, 2600.0, 2600.0, 2600.0, 2600.0, 2600.0, 2600.0, 2600.0]
2024-08-20 00:43:47.561081;[3700.146, 3700.046, 2600.0, 2600.0, 2600.0, 2600.0, 2600.0, 2600.0, 2672.643, 2600.0, 2794.747, 2600.0, 2600.0, 2600.0, 2600.0, 2600.0, 2600.0, 2600.0, 2600.0, 2600.0, 2600.0, 2600.0, 2600.0, 2600.0, 2600.0, 2600.0, 2600.0, 2600.0, 2600.0, 2600.0, 2600.0, 2600.0, 2600.0, 2600.0, 2600.0, 2600.0, 2600.0, 2600.0, 2600.0, 2600.0, 2600.0, 2600.0, 2600.0, 2600.0, 2600.0, 2600.0, 2600.0, 2600.0]
2024-08-20 00:43:49.563466;[3699.903, 3699.893, 2600.0, 2600.0, 2600.0, 2600.0, 2600.0, 2600.0, 2600.0, 2600.0, 3679.817, 2600.0, 2600.0, 2600.0, 2600.0, 2600.0, 2600.0, 2600.0, 2600.0, 2600.0, 2506.962, 2600.0, 2600.0, 2600.0, 2600.0, 2600.0, 2600.0, 2600.0, 2600.0, 2600.0, 2600.0, 2600.0, 2600.0, 2600.0, 2600.0, 2600.0, 2600.0, 2600.0, 2600.0, 2600.0, 2600.0, 2600.0, 2600.0, 2600.0, 2600.0, 2600.0, 2600.0, 2600.0]
2024-08-20 00:43:51.565890;[3699.963, 3699.156, 2600.0, 2600.0, 2600.0, 2600.0, 2600.0, 2600.0, 2600.0, 2600.0, 2658.614, 2600.0, 2600.0, 2600.0, 2600.0, 2600.0, 2600.0, 2600.0, 2600.0, 2600.0, 2600.0, 2600.0, 2600.0, 2600.0, 2600.0, 2600.0, 2600.0, 2600.0, 2600.0, 2600.0, 2600.0, 2600.0, 2600.0, 2600.0, 2600.0, 2600.0, 2600.0, 2600.0, 2600.0, 2600.0, 2600.0, 2600.0, 2600.0, 2600.0, 2600.0, 2600.0, 2600.0, 2600.0]
2024-08-20 00:43:53.568258;[3699.444, 3699.306, 2600.0, 2600.0, 2600.0, 2600.0, 2600.0, 3697.894, 2600.0, 2600.0, 3700.008, 2600.0, 2600.0, 2600.0, 2600.0, 2600.0, 2600.0, 2600.0, 2600.0, 2600.0, 2600.0, 2600.0, 2600.0, 2600.0, 2600.0, 2600.0, 2600.0, 2600.0, 2600.0, 2600.0, 2600.0, 2600.0, 2600.0, 2600.0, 2600.0, 2600.0, 2600.0, 2600.0, 2600.0, 2600.0, 2600.0, 2600.0, 2600.0, 2600.0, 2600.0, 2600.0, 2600.0, 2600.0]
2024-08-20 00:43:55.570633;[3700.075, 3700.04, 2600.0, 2600.0, 2600.0, 2600.0, 2600.0, 2600.0, 2600.0, 2600.0, 2690.194, 2600.0, 2600.0, 2600.0, 2600.0, 2600.0, 2600.0, 2600.0, 2600.0, 2600.0, 2600.0, 2600.0, 2600.0, 2600.0, 2600.0, 2600.0, 2600.0, 2600.0, 2600.0, 2600.0, 2600.0, 2600.0, 2600.0, 2600.0, 2600.0, 2600.0, 2600.0, 2600.0, 2600.0, 2600.0, 2600.0, 2600.0, 2600.0, 2600.0, 2600.0, 2600.0, 2600.0, 2600.0]
2024-08-20 00:43:57.573017;[3699.946, 3700.118, 2600.0, 2600.0, 2600.0, 2600.0, 2600.0, 2600.0, 2600.0, 2600.0, 2638.306, 2600.0, 2600.0, 2600.0, 2600.0, 2600.0, 2600.0, 2600.0, 2600.0, 2600.0, 2600.0, 2600.0, 2600.0, 2600.0, 2600.0, 2600.0, 2600.0, 2600.0, 2600.0, 2600.0, 2600.0, 2600.0, 2600.0, 2600.0, 2600.0, 2600.0, 2600.0, 2600.0, 2600.0, 2600.0, 2600.0, 2600.0, 2600.0, 2600.0, 2600.0, 2600.0, 2600.0, 2600.0]
2024-08-20 00:43:59.575405;[3700.251, 3699.954, 2600.0, 2600.0, 2600.0, 2600.0, 2600.0, 2600.0, 2600.0, 2600.0, 3679.034, 2600.0, 2600.0, 2600.0, 2600.0, 2600.0, 2600.0, 2600.0, 2600.0, 2600.0, 2600.0, 2600.0, 2600.0, 2600.0, 2600.0, 2600.0, 2600.0, 2600.0, 2600.0, 2600.0, 2600.0, 2600.0, 2600.0, 2600.0, 2600.0, 2600.0, 2600.0, 2600.0, 2600.0, 2600.0, 2600.0, 2600.0, 2600.0, 2600.0, 2600.0, 2600.0, 2600.0, 2600.0]
2024-08-20 00:44:01.577823;[3700.014, 3700.036, 2600.0, 2600.0, 2600.0, 2600.0, 2600.0, 2600.0, 2600.0, 2600.0, 2669.596, 2600.0, 2600.0, 2600.0, 2600.0, 2600.0, 2600.0, 2600.0, 2600.0, 2600.0, 2600.0, 2600.0, 2600.0, 2600.0, 2600.0, 2600.0, 2600.0, 2600.0, 2600.0, 2600.0, 2600.0, 2600.0, 2600.0, 2600.0, 2600.0, 2600.0, 2600.0, 2600.0, 2600.0, 2600.0, 2600.0, 2600.0, 2600.0, 2600.0, 2600.0, 2600.0, 2600.0, 2600.0]
2024-08-20 00:44:03.580199;[3699.911, 3699.988, 2600.0, 2600.0, 2600.0, 2600.0, 2600.0, 2600.0, 2600.0, 2600.0, 3699.598, 2600.0, 2600.0, 2600.0, 2600.0, 2600.0, 2600.0, 2600.0, 2600.0, 2600.0, 2600.0, 2600.0, 2600.0, 2600.0, 2600.0, 2600.0, 2600.0, 2600.0, 2600.0, 2600.0, 2600.0, 2600.0, 2600.0, 2600.0, 2600.0, 2600.0, 2600.0, 2600.0, 2600.0, 2600.0, 2600.0, 2600.0, 2600.0, 2600.0, 2600.0, 2600.0, 2600.0, 2600.0]
2024-08-20 00:44:05.582592;[3699.92, 3699.93, 2600.0, 2600.0, 2600.0, 2600.0, 2600.0, 2600.0, 2659.185, 2600.0, 3699.394, 2600.0, 2600.0, 2600.0, 2600.0, 2600.0, 2600.0, 2600.0, 2600.0, 2600.0, 2600.0, 2600.0, 2600.0, 2600.0, 2600.0, 2600.0, 2600.0, 2600.0, 2600.0, 2600.0, 2600.0, 2600.0, 2600.0, 2600.0, 2600.0, 2600.0, 2600.0, 2600.0, 2600.0, 2600.0, 2600.0, 2600.0, 2600.0, 2600.0, 2600.0, 2600.0, 2600.0, 2600.0]
2024-08-20 00:44:07.585017;[3700.04, 3700.368, 2600.0, 2600.0, 2600.0, 2600.0, 2600.0, 2600.0, 2600.0, 2600.0, 2653.217, 2600.0, 2600.0, 2600.0, 2600.0, 2600.0, 2600.0, 2600.0, 2600.0, 2600.0, 2600.0, 2600.0, 2600.0, 2600.0, 2600.0, 2600.0, 2600.0, 2600.0, 2600.0, 2600.0, 2600.0, 2600.0, 2600.0, 2600.0, 2600.0, 2600.0, 2600.0, 2600.0, 2600.0, 2600.0, 2600.0, 2600.0, 2600.0, 2600.0, 2600.0, 2600.0, 2600.0, 2600.0]
2024-08-20 00:44:09.587382;[3700.006, 3700.174, 2600.0, 2600.0, 2600.0, 2600.0, 2600.0, 2600.0, 2600.0, 2600.0, 3680.097, 2600.0, 2600.0, 2600.0, 2600.0, 2600.0, 2600.0, 2600.0, 2600.0, 2600.0, 2600.0, 2600.0, 2600.0, 2600.0, 2600.0, 2600.0, 2600.0, 2600.0, 2600.0, 2600.0, 2600.0, 2600.0, 2600.0, 2600.0, 2600.0, 2600.0, 2600.0, 2600.0, 2600.0, 2600.0, 2600.0, 2600.0, 2600.0, 2600.0, 2600.0, 2600.0, 2600.0, 2600.0]
2024-08-20 00:44:11.589816;[3700.029, 3699.979, 2600.0, 2600.0, 2600.0, 2600.0, 2600.0, 2600.0, 2600.0, 2600.0, 2876.902, 2600.0, 2600.0, 2600.0, 2600.0, 2600.0, 2600.0, 2600.0, 2600.0, 2600.0, 2600.0, 2600.0, 2600.0, 2600.0, 2600.0, 2600.0, 2600.0, 2600.0, 2600.0, 2600.0, 2600.0, 2600.0, 2600.0, 2600.0, 2600.0, 2600.0, 2600.0, 2600.0, 2600.0, 2600.0, 2600.0, 2600.0, 2600.0, 2600.0, 2600.0, 2600.0, 2600.0, 2600.0]
2024-08-20 00:44:13.592215;[3699.892, 3699.847, 2600.0, 2600.0, 2600.0, 2600.0, 2600.0, 2600.0, 2600.0, 2600.0, 3699.628, 2600.0, 2600.0, 2600.0, 2600.0, 2600.0, 2600.0, 2600.0, 2600.0, 2600.0, 2600.0, 2600.0, 2600.0, 2600.0, 2600.0, 2600.0, 2600.0, 2600.0, 2600.0, 2600.0, 2600.0, 2600.0, 2600.0, 2600.0, 2600.0, 2600.0, 2600.0, 2600.0, 2600.0, 2600.0, 2600.0, 2600.0, 2600.0, 2600.0, 2600.0, 2600.0, 2600.0, 2600.0]
2024-08-20 00:44:15.594607;[3699.474, 3699.632, 2600.0, 2600.0, 2600.0, 2600.0, 2600.0, 2600.0, 2600.0, 2600.0, 3699.335, 2600.0, 2600.0, 2600.0, 2600.0, 2600.0, 2600.0, 2600.0, 2600.0, 2600.0, 2600.0, 3264.888, 2600.0, 2600.0, 2600.0, 2600.0, 2600.0, 2600.0, 2600.0, 2600.0, 2600.0, 2600.0, 2600.0, 2600.0, 2600.0, 2600.0, 2600.0, 2600.0, 2600.0, 2600.0, 2600.0, 2600.0, 2600.0, 2600.0, 2600.0, 2600.0, 2600.0, 2600.0]
2024-08-20 00:44:17.596985;[2600.0, 2600.0, 2600.0, 2600.0, 2600.0, 2600.0, 2600.0, 2600.0, 2600.0, 2600.0, 3022.1, 2600.0, 2600.0, 2600.0, 2600.0, 2600.0, 2600.0, 2600.0, 2600.0, 2600.0, 2600.0, 2600.0, 2600.0, 2600.0, 2600.0, 2600.0, 2600.0, 2600.0, 2600.0, 2600.0, 2600.0, 2600.0, 2600.0, 2600.0, 2600.0, 2600.0, 2600.0, 2600.0, 2600.0, 2600.0, 2600.0, 2600.0, 2600.0, 2600.0, 2600.0, 2600.0, 2600.0, 2600.0]
2024-08-20 00:44:19.599352;[2600.0, 2600.0, 2600.0, 2600.0, 2600.0, 2600.0, 2600.0, 2600.0, 3699.94, 2600.0, 3415.239, 2600.0, 2600.0, 2600.0, 2600.0, 2600.0, 2632.035, 2600.0, 2600.0, 2600.0, 2600.0, 2600.0, 2600.0, 2600.0, 3699.966, 2600.0, 2600.0, 2600.0, 2600.0, 2600.0, 2600.0, 2600.0, 2600.0, 3700.142, 2600.0, 2600.0, 2600.0, 2600.0, 2600.0, 2600.0, 3699.886, 2600.0, 2600.0, 2600.0, 2600.0, 2600.0, 2600.0, 2600.0]
2024-08-20 00:44:21.602142;[2600.0, 2600.0, 2600.0, 2600.0, 2600.0, 2600.0, 2600.0, 2600.0, 3699.963, 2600.0, 2600.0, 2600.0, 2600.0, 2600.0, 2600.0, 2600.0, 3699.642, 2600.0, 2600.0, 2600.0, 2600.0, 2600.0, 2600.0, 2600.0, 3699.979, 2600.0, 2600.0, 2600.0, 2600.0, 2600.0, 2600.0, 2600.0, 2600.0, 3700.02, 2600.0, 2600.0, 2600.0, 2600.0, 2600.0, 2600.0, 3699.977, 2600.0, 2600.0, 2600.0, 2600.0, 2600.0, 2600.0, 2600.0]
2024-08-20 00:44:23.604515;[2600.0, 2600.0, 2600.0, 2600.0, 2600.0, 2600.0, 2600.0, 2600.0, 3699.842, 2600.0, 2600.0, 2600.0, 2600.0, 2600.0, 2600.0, 2600.0, 3699.677, 2600.0, 2600.0, 2600.0, 2600.0, 2600.0, 2600.0, 2600.0, 3700.076, 2600.0, 2600.0, 2600.0, 2600.0, 2600.0, 2600.0, 2600.0, 2600.0, 3699.992, 2600.0, 2600.0, 2600.0, 2600.0, 2600.0, 2600.0, 3700.061, 2600.0, 2600.0, 2600.0, 2600.0, 2600.0, 2600.0, 2600.0]
2024-08-20 00:44:25.606903;[2600.0, 2600.0, 2600.0, 2600.0, 2600.0, 2600.0, 2600.0, 2600.0, 3700.235, 2600.0, 2600.0, 2600.0, 2600.0, 2600.0, 2600.0, 2600.0, 2572.246, 2600.0, 2600.0, 2600.0, 2600.0, 2600.0, 2600.0, 2600.0, 3699.986, 2600.0, 2600.0, 2600.0, 2600.0, 2600.0, 2600.0, 2600.0, 2600.0, 3699.91, 2600.0, 2600.0, 2600.0, 2600.0, 2600.0, 2600.0, 3699.658, 2600.0, 2600.0, 2600.0, 2600.0, 2600.0, 2600.0, 2600.0]
2024-08-20 00:44:27.609374;[2600.0, 2600.0, 2600.0, 2600.0, 2600.0, 2600.0, 2600.0, 2600.0, 3700.057, 2600.0, 2600.0, 2600.0, 2600.0, 2600.0, 2600.0, 2600.0, 3699.687, 2600.0, 2600.0, 2600.0, 2600.0, 2600.0, 2600.0, 2600.0, 3699.958, 2600.0, 2600.0, 2600.0, 2600.0, 2600.0, 2600.0, 2600.0, 2600.0, 3699.959, 2600.0, 2600.0, 2600.0, 2600.0, 2600.0, 2600.0, 3700.014, 2600.0, 3696.722, 2600.0, 2600.0, 2600.0, 2600.0, 2600.0]
2024-08-20 00:44:29.611801;[2600.0, 2600.0, 2600.0, 2600.0, 2600.0, 2600.0, 2600.0, 2600.0, 3699.839, 2600.0, 2600.0, 2600.0, 2600.0, 2600.0, 2600.0, 2600.0, 3310.459, 2600.0, 2600.0, 2600.0, 2600.0, 2600.0, 2600.0, 2600.0, 3700.012, 2600.0, 2600.0, 2600.0, 2600.0, 2600.0, 2600.0, 2600.0, 2600.0, 3700.145, 2600.0, 2600.0, 2600.0, 2600.0, 2600.0, 2600.0, 3700.103, 2600.0, 2600.0, 2600.0, 2600.0, 2600.0, 2600.0, 2600.0]
2024-08-20 00:44:31.614204;[2600.0, 2600.0, 2600.0, 2600.0, 2600.0, 2600.0, 2600.0, 2600.0, 3700.007, 2600.0, 2600.0, 2600.0, 2600.0, 2600.0, 2600.0, 2600.0, 3699.686, 2600.0, 2600.0, 2600.0, 2600.0, 2600.0, 2600.0, 2600.0, 3699.984, 2600.0, 2600.0, 2600.0, 2600.0, 2600.0, 2600.0, 2600.0, 2600.0, 3699.858, 2600.0, 2600.0, 2600.0, 2600.0, 2600.0, 2600.0, 3700.107, 2600.0, 2600.0, 2600.0, 2600.0, 2600.0, 2600.0, 2600.0]
2024-08-20 00:44:33.616594;[2600.0, 2600.0, 2600.0, 2600.0, 2600.0, 2600.0, 2600.0, 2600.0, 3699.989, 2600.0, 2600.0, 2600.0, 2600.0, 2600.0, 2600.0, 2600.0, 2617.205, 2600.0, 2600.0, 2600.0, 2600.0, 2600.0, 2600.0, 2600.0, 3700.064, 2600.0, 2600.0, 2600.0, 2600.0, 2600.0, 2600.0, 2600.0, 2600.0, 3700.016, 2600.0, 2600.0, 2600.0, 2600.0, 2600.0, 2600.0, 3700.071, 2600.0, 2600.0, 2600.0, 2600.0, 2600.0, 2600.0, 2600.0]
2024-08-20 00:44:35.618969;[2600.0, 2600.0, 2600.0, 2600.0, 2600.0, 2600.0, 2600.0, 2600.0, 3699.976, 2600.0, 2600.0, 2600.0, 2600.0, 2600.0, 2600.0, 3696.969, 3700.28, 2600.0, 2600.0, 2600.0, 2600.0, 2600.0, 2600.0, 2488.401, 3699.743, 2600.0, 2600.0, 2600.0, 2600.0, 2600.0, 2600.0, 2600.0, 2600.0, 3699.957, 2600.0, 2600.0, 2600.0, 2600.0, 2600.0, 2600.0, 3700.075, 2600.0, 2600.0, 2600.0, 2600.0, 2600.0, 2600.0, 2600.0]
2024-08-20 00:44:37.622592;[2600.0, 2600.0, 2600.0, 2600.0, 2600.0, 2600.0, 2600.0, 2600.0, 3700.052, 2600.0, 2600.0, 2600.0, 2600.0, 2600.0, 2600.0, 2600.0, 3699.168, 2600.0, 2600.0, 2600.0, 2600.0, 2600.0, 2600.0, 2600.0, 3699.975, 2600.0, 2600.0, 2600.0, 2600.0, 2600.0, 2600.0, 2600.0, 2600.0, 3700.034, 2600.0, 2600.0, 2600.0, 2600.0, 2600.0, 2600.0, 3700.029, 2600.0, 2600.0, 2600.0, 2600.0, 2600.0, 2600.0, 2600.0]
2024-08-20 00:44:39.624942;[2600.0, 2600.0, 2600.0, 2600.0, 2600.0, 2600.0, 2600.0, 2600.0, 3700.146, 2600.0, 2600.0, 2600.0, 2600.0, 2600.0, 2600.0, 2600.0, 2572.398, 2600.0, 2600.0, 2600.0, 2600.0, 2600.0, 2600.0, 2600.0, 3699.98, 2600.0, 2600.0, 2600.0, 2600.0, 2600.0, 2600.0, 2600.0, 2600.0, 3699.993, 2600.0, 2600.0, 2600.0, 2600.0, 2600.0, 2600.0, 3699.972, 2600.0, 2600.0, 2600.0, 2600.0, 2600.0, 2600.0, 2600.0]
2024-08-20 00:44:41.627316;[2600.0, 2600.0, 2600.0, 2600.0, 2600.0, 2600.0, 2600.0, 2600.0, 3699.713, 2600.0, 2600.0, 2600.0, 2600.0, 2600.0, 2600.0, 2600.0, 3676.459, 2600.0, 2600.0, 2600.0, 2600.0, 2600.0, 2600.0, 2600.0, 3699.125, 2600.0, 2600.0, 2600.0, 2600.0, 2600.0, 2600.0, 2600.0, 2600.0, 3699.798, 2600.0, 2600.0, 2600.0, 2600.0, 2600.0, 2600.0, 3699.811, 2600.0, 2600.0, 2600.0, 2600.0, 2600.0, 2600.0, 2600.0]
2024-08-20 00:44:43.629717;[2600.0, 2600.0, 2600.0, 2600.0, 2600.0, 2600.0, 2600.0, 2600.0, 3699.799, 2600.0, 2600.0, 2600.0, 2600.0, 2600.0, 2600.0, 2600.0, 2602.622, 2600.0, 2600.0, 2600.0, 2600.0, 2600.0, 2600.0, 2600.0, 3699.708, 2600.0, 2600.0, 2600.0, 2600.0, 2600.0, 2600.0, 2600.0, 2600.0, 3699.754, 2600.0, 2600.0, 2600.0, 2600.0, 2600.0, 2600.0, 3700.535, 2600.0, 2600.0, 2600.0, 2600.0, 2600.0, 2600.0, 2600.0]
2024-08-20 00:44:45.632087;[2600.0, 2600.0, 2600.0, 2600.0, 2600.0, 2600.0, 2600.0, 2600.0, 2600.0, 2600.0, 2600.0, 2600.0, 2600.0, 2600.0, 2600.0, 2600.0, 3700.032, 2600.0, 2600.0, 2600.0, 2600.0, 2600.0, 2600.0, 2600.0, 2600.0, 2600.0, 2600.0, 2600.0, 2600.0, 2600.0, 2600.0, 2600.0, 2600.0, 2600.0, 2600.0, 2600.0, 2600.0, 2600.0, 2600.0, 2600.0, 2600.0, 2600.0, 2600.0, 2600.0, 2600.0, 2600.0, 2600.0, 2600.0]
2024-08-20 00:44:47.634517;[2600.0, 2600.0, 2600.0, 3699.96, 3697.825, 2600.0, 2600.0, 3700.144, 3699.97, 2600.0, 2600.0, 2600.0, 2600.0, 2600.0, 3699.919, 2600.0, 3700.011, 3699.559, 2600.0, 2600.0, 2600.0, 2600.0, 2600.0, 2600.0, 2600.0, 2600.0, 2600.0, 2600.0, 3700.017, 2600.0, 2600.0, 2600.0, 3699.959, 2600.0, 2600.0, 2600.0, 2600.0, 2600.0, 2600.0, 2600.0, 3700.003, 2600.0, 2600.0, 2600.0, 2600.0, 2600.0, 2600.0, 2600.0]
2024-08-20 00:44:49.636940;[2600.0, 2600.0, 2600.0, 3699.926, 2600.0, 2600.0, 2600.0, 3700.078, 3700.147, 2600.0, 2600.0, 2600.0, 2600.0, 2600.0, 3700.014, 2600.0, 3700.009, 3700.626, 3695.901, 2600.0, 2600.0, 2600.0, 2600.0, 2600.0, 2600.0, 2600.0, 2600.0, 2600.0, 3700.065, 2600.0, 2600.0, 2600.0, 3700.056, 2600.0, 2600.0, 2600.0, 2600.0, 2600.0, 2600.0, 2600.0, 3699.97, 2600.0, 2600.0, 2600.0, 2600.0, 2600.0, 2600.0, 2600.0]
2024-08-20 00:44:51.639406;[2600.0, 2600.0, 2600.0, 3699.977, 2600.0, 2600.0, 2600.0, 3699.874, 3700.037, 2600.0, 2600.0, 2600.0, 2600.0, 2600.0, 3700.074, 2600.0, 3699.917, 3700.173, 3696.535, 2600.0, 2600.0, 2600.0, 2600.0, 2600.0, 2600.0, 2600.0, 2600.0, 2600.0, 3700.004, 2600.0, 2600.0, 2600.0, 3700.157, 2600.0, 2600.0, 2600.0, 2600.0, 2600.0, 2600.0, 2600.0, 3699.892, 2600.0, 2600.0, 2600.0, 2600.0, 2600.0, 2600.0, 2600.0]
2024-08-20 00:44:53.641936;[2600.0, 2600.0, 2600.0, 3699.439, 2600.0, 2600.0, 2600.0, 3699.379, 3699.053, 2600.0, 2600.0, 2600.0, 2600.0, 2600.0, 3699.115, 2600.0, 3699.772, 3693.034, 2600.0, 2600.0, 2600.0, 2600.0, 2600.0, 2600.0, 2600.0, 2600.0, 2600.0, 2600.0, 3700.52, 2600.0, 2600.0, 2600.0, 3699.942, 2600.0, 2600.0, 2600.0, 2600.0, 2600.0, 2600.0, 2600.0, 3700.864, 2600.0, 2600.0, 2600.0, 2600.0, 2600.0, 2600.0, 2600.0]
2024-08-20 00:44:55.644322;[2600.0, 2600.0, 2600.0, 3700.795, 2600.0, 2600.0, 2600.0, 3700.766, 3700.612, 2600.0, 2600.0, 2600.0, 2600.0, 2600.0, 3700.354, 2600.0, 3701.231, 3699.765, 2600.0, 2600.0, 2600.0, 2600.0, 2600.0, 2600.0, 2600.0, 2600.0, 2600.0, 2600.0, 3700.686, 2600.0, 2600.0, 2600.0, 3701.417, 2600.0, 2600.0, 2600.0, 2600.0, 2600.0, 2600.0, 2600.0, 3700.636, 2600.0, 2600.0, 2600.0, 2600.0, 2600.0, 2600.0, 2600.0]
2024-08-20 00:44:57.646725;[2600.0, 2600.0, 2600.0, 3699.928, 2600.0, 2600.0, 2600.0, 3699.957, 3699.908, 2600.0, 2600.0, 2600.0, 2600.0, 2600.0, 3700.013, 2600.0, 3700.055, 3688.703, 2600.0, 2600.0, 2600.0, 2600.0, 2600.0, 2600.0, 2600.0, 2600.0, 2600.0, 2600.0, 3699.884, 2600.0, 2600.0, 2600.0, 3700.005, 2600.0, 2600.0, 2600.0, 2600.0, 2600.0, 2600.0, 2600.0, 3699.891, 2600.0, 2600.0, 2600.0, 2600.0, 2600.0, 2600.0, 2600.0]
2024-08-20 00:44:59.649092;[2600.0, 2600.0, 2600.0, 3700.053, 2600.0, 2600.0, 2600.0, 3700.032, 3700.079, 2600.0, 2600.0, 2600.0, 2600.0, 2600.0, 3699.929, 2600.0, 3699.974, 3699.824, 2600.0, 2600.0, 2600.0, 2600.0, 2600.0, 2600.0, 2600.0, 2600.0, 2600.0, 2600.0, 3699.999, 2600.0, 2600.0, 2600.0, 3699.978, 2600.0, 2600.0, 2600.0, 2600.0, 2600.0, 2600.0, 2600.0, 3699.981, 2600.0, 2600.0, 2600.0, 2600.0, 2600.0, 2600.0, 2600.0]
2024-08-20 00:45:01.651498;[2600.0, 2600.0, 2600.0, 2600.0, 2600.0, 2600.0, 2600.0, 2600.0, 2600.0, 2600.0, 2600.0, 2600.0, 2600.0, 2600.0, 2600.0, 2600.0, 2600.0, 3678.107, 2600.0, 2600.0, 2600.0, 2600.0, 2600.0, 2600.0, 2600.0, 2600.0, 2600.0, 2600.0, 2600.0, 2600.0, 2600.0, 2600.0, 2600.0, 2600.0, 2600.0, 2600.0, 2600.0, 2600.0, 2600.0, 2600.0, 2600.0, 2600.0, 2600.0, 2600.0, 2600.0, 2600.0, 2600.0, 2600.0]
2024-08-20 00:45:03.653900;[2600.0, 2600.0, 2600.0, 2600.0, 2600.0, 2600.0, 2663.028, 2600.0, 2600.0, 2600.0, 2600.0, 2600.0, 2600.0, 2600.0, 2600.0, 2600.0, 2600.0, 2951.616, 2600.0, 2600.0, 2600.0, 2600.0, 2600.0, 2600.0, 2600.0, 2600.0, 2600.0, 2600.0, 2600.0, 2600.0, 2600.0, 2600.0, 2600.0, 2600.0, 2600.0, 2600.0, 2600.0, 2600.0, 2600.0, 2600.0, 2600.0, 2600.0, 2600.0, 2600.0, 2600.0, 2600.0, 2600.0, 2600.0]
2024-08-20 00:45:05.656289;[2600.0, 2600.0, 2600.0, 3699.98, 2600.0, 3700.048, 3700.592, 3700.389, 3700.638, 3700.102, 2600.0, 2600.0, 2600.0, 2600.0, 2600.0, 3476.596, 3700.177, 3700.015, 2600.0, 2600.0, 2600.0, 2600.0, 3699.996, 3697.879, 3699.668, 2600.0, 3700.099, 2600.0, 2600.0, 2600.0, 2600.0, 3700.02, 2600.0, 2600.0, 2600.0, 3699.966, 2600.0, 2600.0, 3699.869, 3699.98, 3700.061, 3699.891, 2600.0, 2600.0, 3700.556, 2600.0, 2600.0, 2600.0]
2024-08-20 00:45:07.664026;[2600.0, 2600.0, 2600.0, 3699.961, 2600.0, 3700.076, 3699.985, 2600.0, 3699.869, 3700.097, 2600.0, 2600.0, 2600.0, 2600.0, 2600.0, 2600.0, 3699.298, 3700.03, 2600.0, 2600.0, 2600.0, 2600.0, 3700.015, 2600.0, 3699.978, 2600.0, 3699.909, 2600.0, 2600.0, 2600.0, 2600.0, 3700.016, 2600.0, 2600.0, 2600.0, 3699.692, 2600.0, 2600.0, 3700.158, 3700.085, 3699.959, 3699.994, 2600.0, 2600.0, 3699.957, 2600.0, 2600.0, 2600.0]
2024-08-20 00:45:09.666536;[2600.0, 2600.0, 2600.0, 3700.055, 2600.0, 3700.029, 3699.962, 2600.0, 3700.066, 3699.97, 2600.0, 2600.0, 2600.0, 2600.0, 2600.0, 2600.0, 3698.774, 3699.988, 2600.0, 2600.0, 2600.0, 2600.0, 3699.901, 2600.0, 3699.948, 2600.0, 3700.037, 2600.0, 2600.0, 2600.0, 2600.0, 3700.025, 2600.0, 2600.0, 2600.0, 3700.344, 2600.0, 2600.0, 3700.001, 3700.061, 3700.121, 3699.905, 2600.0, 2600.0, 3699.981, 2600.0, 2600.0, 2600.0]
2024-08-20 00:45:11.669014;[2600.0, 2600.0, 2600.0, 3699.973, 2600.0, 3699.938, 3699.992, 2600.0, 3699.954, 3699.909, 2600.0, 2600.0, 2600.0, 2600.0, 2600.0, 2600.0, 3699.959, 3700.032, 2600.0, 2600.0, 2600.0, 2600.0, 3700.114, 2600.0, 3699.993, 2600.0, 3700.092, 2600.0, 2600.0, 2600.0, 2600.0, 3700.001, 2600.0, 2600.0, 2600.0, 3699.978, 2600.0, 2600.0, 3699.973, 3700.045, 3699.972, 3699.935, 2600.0, 2600.0, 3700.004, 2600.0, 2600.0, 2600.0]
2024-08-20 00:45:13.672061;[2600.0, 2600.0, 2600.0, 2600.0, 2600.0, 2600.0, 2600.0, 2600.0, 2600.0, 2600.0, 2600.0, 2600.0, 2600.0, 2600.0, 2600.0, 2600.0, 3700.1, 2600.0, 2600.0, 2600.0, 2600.0, 2600.0, 2600.0, 2600.0, 2600.0, 2600.0, 2600.0, 2600.0, 2600.0, 2600.0, 2600.0, 2600.0, 2600.0, 2600.0, 2600.0, 2600.0, 2600.0, 2600.0, 2600.0, 2600.0, 2600.0, 2600.0, 2600.0, 2600.0, 2600.0, 2600.0, 2600.0, 2600.0]
2024-08-20 00:45:15.674408;[2600.0, 3509.639, 2600.0, 2600.0, 2600.0, 2600.0, 2600.0, 2600.0, 2600.0, 2600.0, 2600.0, 2600.0, 2600.0, 2600.0, 2600.0, 2600.0, 3698.948, 2600.0, 2600.0, 2600.0, 2600.0, 2600.0, 2600.0, 2600.0, 2600.0, 2600.0, 3701.129, 3698.927, 2600.0, 2600.0, 2600.0, 2600.0, 2600.0, 2600.0, 2600.0, 2600.0, 2600.0, 2600.0, 2600.0, 2600.0, 2600.0, 2600.0, 2600.0, 2600.0, 2600.0, 2600.0, 2600.0, 2600.0]
2024-08-20 00:45:17.676761;[2600.0, 2600.0, 2600.0, 2600.0, 2600.0, 2600.0, 2600.0, 2600.0, 2600.0, 2600.0, 2600.0, 2600.0, 2600.0, 2600.0, 2600.0, 2600.0, 2687.03, 2600.0, 2600.0, 2600.0, 2600.0, 2600.0, 2600.0, 2600.0, 2600.0, 2600.0, 2600.0, 2600.0, 2600.0, 2795.267, 2600.0, 2600.0, 2600.0, 2600.0, 2600.0, 2600.0, 2600.0, 2600.0, 2600.0, 2600.0, 2600.0, 2600.0, 2600.0, 2600.0, 2600.0, 2600.0, 2600.0, 2600.0]
2024-08-20 00:45:19.679154;[2644.329, 2600.0, 2600.0, 2600.0, 2600.0, 2600.0, 2600.0, 2600.0, 2600.0, 2600.0, 2600.0, 2600.0, 2600.0, 2600.0, 2600.0, 2600.0, 3677.783, 2600.0, 2600.0, 2600.0, 2600.0, 2600.0, 2600.0, 2600.0, 2600.0, 2600.0, 2600.0, 2600.0, 2600.0, 2600.0, 2600.0, 2600.0, 2600.0, 2600.0, 2600.0, 2600.0, 2600.0, 2600.0, 2600.0, 2600.0, 2600.0, 2600.0, 2600.0, 2600.0, 2600.0, 2600.0, 2600.0, 2600.0]
2024-08-20 00:45:21.681534;[2600.0, 2600.0, 2600.0, 2600.0, 2600.0, 2600.0, 2600.0, 2600.0, 2600.0, 2600.0, 2600.0, 2600.0, 2600.0, 2600.0, 2600.0, 2600.0, 3699.204, 2600.0, 2600.0, 2600.0, 2600.0, 2600.0, 2600.0, 2600.0, 2600.0, 2600.0, 2600.0, 2600.0, 2600.0, 2600.0, 2600.0, 2600.0, 2600.0, 2600.0, 2600.0, 2600.0, 2600.0, 2600.0, 2600.0, 2600.0, 2600.0, 2600.0, 2600.0, 2600.0, 2600.0, 2600.0, 2600.0, 2600.0]
