2024-08-20 00:48:33.919872;[2600.0, 2600.0, 2600.0, 2600.0, 2600.0, 2600.0, 2600.0, 2600.0, 2600.0, 2766.051, 2600.0, 2600.0, 2600.0, 2600.0, 2600.0, 2600.0, 2600.0, 2600.0, 2557.16, 2600.0, 2600.0, 2600.0, 2600.0, 2600.0, 2763.867, 2808.864, 2626.022, 2643.342, 2600.0, 2633.969, 2600.0, 2630.219, 2600.0, 3700.978, 2735.715, 2600.0, 2600.0, 2600.0, 2600.0, 2600.0, 2600.0, 2600.0, 2600.0, 2600.0, 2600.0, 2600.0, 2600.0, 2600.0]
2024-08-20 00:48:35.922338;[3707.877, 2600.0, 2600.0, 2600.0, 2600.0, 2600.0, 2600.0, 2600.0, 2600.0, 3699.82, 3086.185, 2600.0, 2600.0, 2600.0, 2600.0, 3698.701, 2600.0, 2600.0, 3250.351, 2637.87, 2600.0, 2600.0, 2600.0, 2600.0, 3239.953, 2600.0, 2600.0, 2600.0, 2600.0, 2600.0, 2600.0, 2600.0, 2600.0, 2600.0, 2600.0, 2600.0, 2600.0, 2600.0, 2696.759, 3175.791, 2600.0, 2600.0, 2600.0, 2600.0, 2600.0, 2600.0, 2600.0, 3699.7]
2024-08-20 00:48:37.924665;[3698.934, 2600.0, 2600.0, 2600.0, 2600.0, 2600.0, 2600.0, 2600.0, 2600.0, 2702.141, 2600.0, 2600.0, 2600.0, 2600.0, 2600.0, 2600.0, 2600.0, 2600.0, 2600.0, 2600.0, 2600.0, 2600.0, 2600.0, 2600.0, 2600.0, 2600.0, 2600.0, 2600.0, 2600.0, 2600.0, 2600.0, 2600.0, 2600.0, 2600.0, 2600.0, 2600.0, 2600.0, 2600.0, 2600.0, 2600.0, 2600.0, 2600.0, 2600.0, 2600.0, 2600.0, 2600.0, 2600.0, 2600.0]
2024-08-20 00:48:39.927018;[3699.266, 2600.0, 2600.0, 2600.0, 2600.0, 2600.0, 2600.0, 2600.0, 2600.0, 2662.945, 2600.0, 2600.0, 2600.0, 2600.0, 2600.0, 2600.0, 2600.0, 2600.0, 2600.0, 2600.0, 2600.0, 2600.0, 2600.0, 2600.0, 2600.0, 2600.0, 2600.0, 2600.0, 2596.133, 2600.0, 2600.0, 2600.0, 2600.0, 2600.0, 2600.0, 2600.0, 2600.0, 2600.0, 2600.0, 2600.0, 2583.186, 2600.0, 2600.0, 2600.0, 2600.0, 2600.0, 2600.0, 2600.0]
2024-08-20 00:48:41.929411;[3700.013, 2600.0, 2600.0, 2600.0, 2600.0, 2600.0, 2600.0, 2600.0, 2600.0, 3699.614, 2600.0, 2600.0, 2600.0, 2600.0, 2600.0, 2600.0, 2600.0, 2600.0, 2600.0, 2600.0, 2600.0, 2600.0, 2600.0, 2600.0, 2600.0, 2600.0, 2600.0, 2600.0, 2600.0, 2600.0, 2600.0, 2600.0, 2600.0, 2600.0, 2600.0, 2600.0, 2600.0, 2600.0, 2600.0, 2600.0, 2600.0, 2600.0, 2600.0, 2600.0, 2600.0, 2600.0, 2600.0, 2600.0]
2024-08-20 00:48:43.931774;[3700.27, 3697.041, 2600.0, 2600.0, 2600.0, 2600.0, 2600.0, 2600.0, 2600.0, 2692.294, 2594.663, 2600.0, 2600.0, 2600.0, 2600.0, 2600.0, 2600.0, 2600.0, 2600.0, 2541.268, 2600.0, 2600.0, 2600.0, 2600.0, 2600.0, 2600.0, 2600.0, 2600.0, 2600.0, 2600.0, 2600.0, 2600.0, 2600.0, 2600.0, 2600.0, 2600.0, 2600.0, 2600.0, 2600.0, 2600.0, 2600.0, 2600.0, 2600.0, 2600.0, 2600.0, 2600.0, 2600.0, 2600.0]
2024-08-20 00:48:45.934150;[3699.834, 2600.0, 2600.0, 2600.0, 2600.0, 2600.0, 2600.0, 2600.0, 2600.0, 3699.874, 2600.0, 2600.0, 2600.0, 2600.0, 2600.0, 2600.0, 2600.0, 2600.0, 2600.0, 2600.0, 2600.0, 2600.0, 2600.0, 2600.0, 2600.0, 2600.0, 2600.0, 2600.0, 2600.0, 2600.0, 2600.0, 2600.0, 2600.0, 2600.0, 2600.0, 2600.0, 2600.0, 2600.0, 2600.0, 2600.0, 2600.0, 2600.0, 2600.0, 2600.0, 2600.0, 2600.0, 2600.0, 2600.0]
2024-08-20 00:48:47.936590;[3699.441, 2600.0, 2600.0, 2600.0, 2600.0, 2600.0, 2600.0, 2600.0, 2600.0, 3699.102, 2600.0, 2600.0, 2600.0, 2600.0, 2600.0, 2600.0, 2600.0, 2600.0, 2600.0, 2600.0, 2600.0, 2600.0, 2600.0, 2600.0, 2600.0, 2600.0, 2600.0, 2600.0, 2600.0, 2600.0, 2600.0, 2600.0, 2600.0, 2600.0, 2600.0, 2600.0, 2600.0, 2600.0, 2600.0, 2600.0, 2600.0, 2600.0, 2600.0, 2600.0, 2600.0, 2600.0, 2600.0, 2600.0]
2024-08-20 00:48:49.938902;[3699.897, 2600.0, 2600.0, 2600.0, 2600.0, 2600.0, 2600.0, 2600.0, 2600.0, 2680.314, 2590.042, 2600.0, 2600.0, 2600.0, 2600.0, 2600.0, 2600.0, 2600.0, 2600.0, 2545.105, 2600.0, 2600.0, 2600.0, 2600.0, 2600.0, 2600.0, 2600.0, 2600.0, 2600.0, 2600.0, 2600.0, 2600.0, 2600.0, 2600.0, 2600.0, 2600.0, 2600.0, 2600.0, 2600.0, 2600.0, 2600.0, 2600.0, 2600.0, 2600.0, 2600.0, 2600.0, 2600.0, 2600.0]
2024-08-20 00:48:51.941259;[3699.979, 2600.0, 2600.0, 2600.0, 2600.0, 2600.0, 2600.0, 2600.0, 2600.0, 3699.749, 2600.0, 2600.0, 2600.0, 2600.0, 2600.0, 2600.0, 2600.0, 2600.0, 2600.0, 2600.0, 2600.0, 2600.0, 2600.0, 2600.0, 2600.0, 2600.0, 2600.0, 2600.0, 2600.0, 2600.0, 2600.0, 2600.0, 2600.0, 2600.0, 2600.0, 2600.0, 2600.0, 2600.0, 2600.0, 2600.0, 2600.0, 2600.0, 2600.0, 2600.0, 2600.0, 2600.0, 2600.0, 2600.0]
2024-08-20 00:48:53.943614;[3699.743, 2600.0, 2600.0, 2600.0, 2600.0, 2600.0, 2600.0, 2600.0, 2600.0, 2852.392, 2600.0, 2600.0, 2600.0, 2600.0, 2600.0, 2600.0, 2600.0, 2600.0, 2600.0, 2600.0, 2600.0, 2600.0, 2600.0, 2600.0, 2600.0, 2600.0, 2600.0, 2600.0, 2600.0, 2600.0, 2600.0, 2600.0, 2600.0, 2600.0, 2600.0, 2600.0, 2600.0, 2600.0, 2600.0, 2600.0, 2600.0, 2600.0, 2600.0, 2600.0, 2600.0, 2600.0, 2600.0, 2600.0]
2024-08-20 00:48:55.946000;[3699.96, 2600.0, 2600.0, 2600.0, 2600.0, 2600.0, 2600.0, 2600.0, 2600.0, 3011.375, 2600.0, 2600.0, 2600.0, 2600.0, 2600.0, 2600.0, 2600.0, 2600.0, 2600.0, 2600.0, 2600.0, 2600.0, 2600.0, 2600.0, 2600.0, 2600.0, 2600.0, 2600.0, 2600.0, 2600.0, 2600.0, 2600.0, 2600.0, 2600.0, 2600.0, 2600.0, 2600.0, 2600.0, 2600.0, 2600.0, 2600.0, 2600.0, 2600.0, 2600.0, 2600.0, 2600.0, 2600.0, 2600.0]
2024-08-20 00:48:57.948324;[3699.995, 2600.0, 2600.0, 2600.0, 2600.0, 2600.0, 2600.0, 2600.0, 2600.0, 3699.973, 2586.172, 2600.0, 2600.0, 2600.0, 2600.0, 2600.0, 2600.0, 2600.0, 2600.0, 2545.831, 2600.0, 2600.0, 2600.0, 2600.0, 2600.0, 2600.0, 2600.0, 2600.0, 2600.0, 2600.0, 2600.0, 2600.0, 2600.0, 2600.0, 2600.0, 2600.0, 2600.0, 2600.0, 2600.0, 2600.0, 2600.0, 2600.0, 2600.0, 2600.0, 2600.0, 2600.0, 2600.0, 2600.0]
2024-08-20 00:48:59.950662;[3700.0, 2600.0, 2600.0, 2600.0, 2600.0, 2600.0, 2600.0, 2600.0, 2600.0, 2682.628, 2600.0, 2600.0, 2600.0, 2600.0, 2600.0, 2600.0, 2600.0, 2600.0, 2600.0, 2600.0, 2600.0, 2600.0, 2600.0, 2511.427, 2600.0, 2600.0, 2600.0, 2600.0, 2600.0, 2600.0, 2600.0, 2600.0, 2600.0, 2600.0, 2600.0, 2600.0, 2600.0, 2600.0, 2600.0, 2600.0, 2600.0, 2600.0, 2600.0, 2600.0, 2600.0, 2600.0, 2600.0, 2600.0]
2024-08-20 00:49:01.958323;[3700.01, 2600.0, 2600.0, 2600.0, 2600.0, 2600.0, 2600.0, 2600.0, 2600.0, 3699.971, 2600.0, 2600.0, 2600.0, 2600.0, 2600.0, 2600.0, 2600.0, 2600.0, 2600.0, 2600.0, 2600.0, 2600.0, 2600.0, 2600.0, 2600.0, 2600.0, 2600.0, 2600.0, 2600.0, 2600.0, 2600.0, 2600.0, 2600.0, 2600.0, 2600.0, 2600.0, 2600.0, 2600.0, 2600.0, 2600.0, 2600.0, 2600.0, 2600.0, 2600.0, 2600.0, 2600.0, 2600.0, 2600.0]
2024-08-20 00:49:03.960696;[3700.585, 2600.0, 2600.0, 2600.0, 2600.0, 2600.0, 2600.0, 2600.0, 2600.0, 2699.074, 2612.925, 2600.0, 2600.0, 2600.0, 2600.0, 2600.0, 2600.0, 2600.0, 2600.0, 2533.48, 2600.0, 2600.0, 2600.0, 2600.0, 2600.0, 2600.0, 2600.0, 2600.0, 2600.0, 2600.0, 2600.0, 2600.0, 2600.0, 2600.0, 2600.0, 2600.0, 2600.0, 2600.0, 2600.0, 2600.0, 2600.0, 2600.0, 2600.0, 2600.0, 2600.0, 2600.0, 2600.0, 2600.0]
2024-08-20 00:49:05.963043;[3700.619, 2600.0, 2600.0, 2600.0, 2600.0, 2600.0, 2600.0, 2600.0, 2600.0, 2669.85, 2600.0, 2600.0, 2600.0, 2600.0, 2600.0, 2600.0, 2600.0, 2600.0, 2600.0, 2600.0, 2600.0, 2600.0, 2600.0, 2600.0, 2600.0, 2600.0, 2600.0, 2600.0, 2600.0, 2600.0, 2600.0, 2600.0, 2600.0, 2600.0, 2600.0, 2600.0, 2600.0, 2600.0, 2600.0, 2600.0, 2600.0, 2600.0, 2600.0, 2600.0, 2600.0, 2600.0, 2600.0, 2600.0]
2024-08-20 00:49:07.965498;[2600.0, 2600.0, 2600.0, 2600.0, 2600.0, 2600.0, 2600.0, 2600.0, 2600.0, 3698.707, 2600.0, 2600.0, 2600.0, 2600.0, 2600.0, 2600.0, 2600.0, 2600.0, 2600.0, 2600.0, 2600.0, 2600.0, 2600.0, 2600.0, 2600.0, 2600.0, 2600.0, 2600.0, 2600.0, 2600.0, 2600.0, 2600.0, 2600.0, 2600.0, 2600.0, 2600.0, 2600.0, 2600.0, 2600.0, 2600.0, 2600.0, 2600.0, 2600.0, 2600.0, 2600.0, 2600.0, 2600.0, 2600.0]
2024-08-20 00:49:09.967852;[3699.944, 3699.985, 2600.0, 2600.0, 2600.0, 2600.0, 2600.0, 2600.0, 2600.0, 3001.812, 2600.0, 2600.0, 2600.0, 2600.0, 2600.0, 2600.0, 2600.0, 2600.0, 2600.0, 2600.0, 2600.0, 2600.0, 2600.0, 2600.0, 2600.0, 2600.0, 2600.0, 2600.0, 2600.0, 2600.0, 2600.0, 2600.0, 2600.0, 2600.0, 2600.0, 2600.0, 2600.0, 2600.0, 2600.0, 2600.0, 2600.0, 2600.0, 2600.0, 2600.0, 2600.0, 2600.0, 2600.0, 2600.0]
2024-08-20 00:49:11.970266;[3700.031, 3699.543, 2600.0, 2600.0, 2600.0, 2600.0, 2600.0, 2600.0, 2600.0, 3699.747, 2600.0, 2600.0, 2600.0, 2600.0, 2600.0, 2600.0, 2600.0, 2600.0, 2600.0, 2532.776, 2600.0, 2600.0, 2600.0, 2600.0, 2600.0, 2600.0, 2600.0, 2600.0, 2600.0, 2600.0, 2600.0, 2600.0, 2600.0, 2600.0, 2600.0, 2600.0, 2600.0, 2600.0, 2600.0, 2600.0, 2600.0, 2600.0, 2600.0, 2600.0, 2600.0, 2600.0, 2600.0, 2600.0]
2024-08-20 00:49:13.972712;[3699.794, 3699.849, 2600.0, 2600.0, 2600.0, 2600.0, 2600.0, 2600.0, 2600.0, 2698.217, 2600.0, 2600.0, 2600.0, 2600.0, 2600.0, 2600.0, 2600.0, 2600.0, 2600.0, 2600.0, 2600.0, 2600.0, 2600.0, 2600.0, 2600.0, 2600.0, 2600.0, 2600.0, 2600.0, 2600.0, 2600.0, 2600.0, 2600.0, 2600.0, 2600.0, 2600.0, 2600.0, 2600.0, 2600.0, 2600.0, 2600.0, 2600.0, 2600.0, 2600.0, 2600.0, 2600.0, 2600.0, 2600.0]
2024-08-20 00:49:15.975080;[3700.374, 3700.062, 2600.0, 2600.0, 2600.0, 2600.0, 2600.0, 2600.0, 2600.0, 2738.584, 2600.0, 2600.0, 2600.0, 2600.0, 2600.0, 2600.0, 2600.0, 2600.0, 2600.0, 2600.0, 2600.0, 2600.0, 2600.0, 2600.0, 2600.0, 2600.0, 2600.0, 2600.0, 2600.0, 2600.0, 2600.0, 2600.0, 2600.0, 2600.0, 2600.0, 2600.0, 2600.0, 2600.0, 2600.0, 2600.0, 2600.0, 2600.0, 2600.0, 2600.0, 2600.0, 2600.0, 2600.0, 2600.0]
2024-08-20 00:49:17.977455;[3699.961, 3699.965, 2600.0, 2600.0, 2600.0, 2600.0, 2600.0, 2600.0, 2600.0, 3699.403, 2600.0, 2600.0, 2600.0, 2600.0, 2600.0, 2600.0, 2600.0, 2600.0, 2600.0, 2600.0, 2600.0, 2600.0, 2600.0, 2600.0, 2600.0, 2600.0, 2600.0, 2600.0, 2600.0, 2600.0, 2600.0, 2600.0, 2600.0, 2600.0, 2600.0, 2600.0, 2600.0, 2600.0, 2600.0, 2600.0, 2600.0, 2600.0, 2600.0, 2600.0, 2600.0, 2600.0, 2600.0, 2600.0]
2024-08-20 00:49:19.979837;[3699.981, 3699.955, 2600.0, 2600.0, 2600.0, 2600.0, 2600.0, 2600.0, 2600.0, 2687.227, 2600.0, 2600.0, 2600.0, 2600.0, 2600.0, 2600.0, 2600.0, 2600.0, 2600.0, 2600.0, 2600.0, 2600.0, 2600.0, 2600.0, 2600.0, 2600.0, 2600.0, 2600.0, 2600.0, 2600.0, 2600.0, 2600.0, 2600.0, 2600.0, 2600.0, 2600.0, 2600.0, 2600.0, 2600.0, 2600.0, 2600.0, 2600.0, 2600.0, 2600.0, 2600.0, 2600.0, 2600.0, 2600.0]
2024-08-20 00:49:21.982227;[3699.748, 3700.008, 2600.0, 2600.0, 2600.0, 2600.0, 2600.0, 2600.0, 2600.0, 3700.002, 2600.0, 2600.0, 2600.0, 2600.0, 2600.0, 2600.0, 2600.0, 2600.0, 2600.0, 2600.0, 2600.0, 2600.0, 2600.0, 2600.0, 2600.0, 2600.0, 2600.0, 2600.0, 2600.0, 2600.0, 2600.0, 2600.0, 2600.0, 2600.0, 2600.0, 2600.0, 2600.0, 2600.0, 2600.0, 2600.0, 2600.0, 2600.0, 2600.0, 2600.0, 2600.0, 2600.0, 2600.0, 2600.0]
2024-08-20 00:49:23.984607;[3699.935, 3700.051, 2600.0, 2600.0, 2600.0, 2600.0, 2600.0, 2600.0, 2600.0, 2715.749, 2600.0, 2600.0, 2600.0, 2600.0, 2600.0, 2600.0, 2600.0, 2600.0, 2600.0, 2600.0, 2600.0, 2600.0, 2600.0, 2600.0, 2600.0, 2600.0, 2600.0, 2600.0, 2600.0, 2600.0, 2600.0, 2600.0, 2600.0, 2600.0, 2600.0, 2600.0, 2600.0, 2600.0, 2600.0, 2600.0, 2600.0, 2600.0, 2600.0, 2600.0, 2600.0, 2600.0, 2600.0, 2600.0]
2024-08-20 00:49:25.986982;[3700.025, 3699.986, 2600.0, 2600.0, 2600.0, 2600.0, 2600.0, 2600.0, 2600.0, 2661.126, 2600.0, 2600.0, 2600.0, 2600.0, 2600.0, 2600.0, 2600.0, 2600.0, 2600.0, 2600.0, 2600.0, 2600.0, 2600.0, 2600.0, 2600.0, 2600.0, 2600.0, 2600.0, 2600.0, 2600.0, 2600.0, 2600.0, 2600.0, 2600.0, 2600.0, 2600.0, 2600.0, 2600.0, 2600.0, 2600.0, 2600.0, 2600.0, 2600.0, 2600.0, 2600.0, 2600.0, 2600.0, 2600.0]
2024-08-20 00:49:27.989405;[2600.0, 2600.0, 2600.0, 2600.0, 2600.0, 2600.0, 2600.0, 2600.0, 2600.0, 3699.357, 2600.0, 2600.0, 2600.0, 2600.0, 2600.0, 2600.0, 2600.0, 2600.0, 2600.0, 2600.0, 2600.0, 2600.0, 2600.0, 2600.0, 2600.0, 2600.0, 2600.0, 2600.0, 2600.0, 2600.0, 2600.0, 2600.0, 2600.0, 2600.0, 2600.0, 2600.0, 2600.0, 2600.0, 2600.0, 2600.0, 2600.0, 2600.0, 2600.0, 2600.0, 2600.0, 2600.0, 2600.0, 2600.0]
2024-08-20 00:49:29.991771;[2600.0, 3700.011, 2600.0, 2600.0, 2600.0, 2600.0, 2600.0, 2600.0, 3700.052, 3699.071, 2600.0, 2600.0, 2600.0, 2600.0, 2600.0, 3032.447, 3699.563, 2600.0, 2600.0, 2600.0, 2600.0, 2600.0, 2600.0, 3699.735, 3699.505, 2600.0, 2600.0, 2600.0, 2600.0, 2600.0, 2600.0, 2600.0, 2600.0, 2600.0, 2600.0, 2600.0, 2600.0, 2600.0, 2600.0, 2600.0, 2600.0, 2600.0, 2600.0, 2600.0, 2600.0, 2600.0, 2600.0, 2600.0]
2024-08-20 00:49:32.001179;[2600.0, 3699.968, 2600.0, 2600.0, 2600.0, 2600.0, 2600.0, 2600.0, 3696.156, 3700.028, 2600.0, 2600.0, 2600.0, 2600.0, 2600.0, 2600.0, 3700.047, 2600.0, 2600.0, 2600.0, 2600.0, 2600.0, 2600.0, 2600.0, 3700.07, 3697.965, 2600.0, 2600.0, 2600.0, 2600.0, 2600.0, 2600.0, 2628.094, 2600.0, 2600.0, 2600.0, 2600.0, 2600.0, 2600.0, 2600.0, 2600.0, 2600.0, 2600.0, 2600.0, 2600.0, 2600.0, 2600.0, 2600.0]
2024-08-20 00:49:34.003610;[2600.0, 3700.036, 2600.0, 2600.0, 2600.0, 2600.0, 2600.0, 2600.0, 2600.0, 3678.272, 2600.0, 2600.0, 2600.0, 2600.0, 2600.0, 2600.0, 3699.888, 2600.0, 2600.0, 2600.0, 2600.0, 3699.166, 2600.0, 2600.0, 3700.012, 2600.0, 2600.0, 2600.0, 3699.042, 2600.0, 2600.0, 2600.0, 3699.837, 2600.0, 2600.0, 2600.0, 2600.0, 2600.0, 2600.0, 2600.0, 2584.082, 2600.0, 2600.0, 2600.0, 2600.0, 2600.0, 2600.0, 2712.898]
2024-08-20 00:49:36.006014;[2600.0, 3701.054, 2600.0, 2600.0, 2600.0, 2600.0, 2600.0, 2600.0, 2600.0, 2663.993, 2600.0, 2600.0, 2600.0, 2600.0, 2600.0, 2600.0, 3700.448, 2600.0, 2600.0, 2600.0, 2600.0, 2600.0, 2600.0, 3698.323, 3699.917, 2600.0, 2600.0, 2600.0, 2600.0, 2600.0, 2600.0, 2600.0, 3700.035, 2600.0, 2600.0, 2600.0, 2600.0, 2600.0, 2600.0, 2600.0, 2600.0, 2600.0, 2600.0, 2600.0, 2600.0, 2600.0, 2600.0, 2600.0]
2024-08-20 00:49:38.008387;[2600.0, 3665.605, 2600.0, 2600.0, 3584.303, 2600.0, 2600.0, 2600.0, 2600.0, 3699.909, 3711.31, 2600.0, 2600.0, 2600.0, 2600.0, 2600.0, 3666.133, 2600.0, 2600.0, 2600.0, 2600.0, 2600.0, 2600.0, 3700.344, 3693.403, 2600.0, 2600.0, 2600.0, 2600.0, 2600.0, 2600.0, 3727.693, 3656.12, 2600.0, 2600.0, 2600.0, 2600.0, 2600.0, 2600.0, 2600.0, 3699.506, 2600.0, 3711.547, 2600.0, 2600.0, 2600.0, 2600.0, 3695.544]
2024-08-20 00:49:40.010757;[2600.0, 2600.0, 2600.0, 2600.0, 2600.0, 2600.0, 2600.0, 2600.0, 2600.0, 2966.592, 2600.0, 2600.0, 2600.0, 2600.0, 2600.0, 2600.0, 2600.0, 2600.0, 2600.0, 2600.0, 2600.0, 2600.0, 2600.0, 2600.0, 2600.0, 2600.0, 2600.0, 2600.0, 2600.0, 2600.0, 2600.0, 2600.0, 2600.0, 2600.0, 2600.0, 2600.0, 2600.0, 2600.0, 2600.0, 2600.0, 2600.0, 2600.0, 2600.0, 2600.0, 2600.0, 2600.0, 2600.0, 2600.0]
2024-08-20 00:49:42.013139;[2600.0, 2600.0, 2600.0, 2600.0, 2600.0, 3700.034, 2600.0, 3699.662, 3700.477, 3700.147, 3700.04, 2600.0, 2600.0, 2600.0, 2600.0, 2600.0, 3700.05, 2600.0, 2600.0, 2600.0, 2600.0, 2600.0, 2600.0, 2600.0, 3699.825, 2600.0, 2600.0, 2600.0, 2600.0, 2600.0, 2600.0, 2600.0, 3699.964, 2600.0, 2600.0, 2600.0, 2600.0, 2600.0, 2600.0, 2600.0, 2600.0, 2600.0, 2600.0, 3699.834, 2600.0, 2600.0, 2600.0, 2600.0]
2024-08-20 00:49:44.015606;[2600.0, 2600.0, 2600.0, 2600.0, 2600.0, 3699.965, 2600.0, 3699.039, 3699.903, 3698.72, 3699.321, 2600.0, 2600.0, 2600.0, 2600.0, 2600.0, 3698.789, 2600.0, 2600.0, 2600.0, 2600.0, 2600.0, 2600.0, 2600.0, 3699.058, 2600.0, 2600.0, 2600.0, 2600.0, 2600.0, 3695.296, 2600.0, 3699.073, 2600.0, 2600.0, 2600.0, 2600.0, 2600.0, 2600.0, 2600.0, 2600.0, 2600.0, 2600.0, 3700.862, 2600.0, 2600.0, 2600.0, 2600.0]
2024-08-20 00:49:46.018064;[2600.0, 2600.0, 2600.0, 2600.0, 2600.0, 2600.0, 2600.0, 2600.0, 3298.135, 2600.0, 2600.0, 2600.0, 2600.0, 2600.0, 2600.0, 2600.0, 2600.0, 2600.0, 2600.0, 2600.0, 2600.0, 2600.0, 2600.0, 2909.074, 2747.388, 2600.0, 2600.0, 2600.0, 2600.0, 2600.0, 2600.0, 2600.0, 2600.0, 2600.0, 2600.0, 2600.0, 2600.0, 2600.0, 2600.0, 2600.0, 2600.0, 2600.0, 2600.0, 2600.0, 2600.0, 2600.0, 2600.0, 2600.0]
2024-08-20 00:49:48.020522;[2600.0, 2600.0, 2600.0, 2600.0, 3699.921, 2600.0, 3700.017, 3699.835, 3699.494, 3700.061, 3699.763, 2600.0, 2600.0, 2600.0, 2600.0, 3699.981, 3699.835, 3700.021, 2600.0, 2600.0, 2600.0, 2600.0, 3700.032, 2600.0, 3700.387, 3699.991, 3700.171, 2600.0, 2600.0, 2600.0, 2600.0, 2600.0, 3700.065, 2600.0, 2600.0, 3699.948, 2600.0, 2600.0, 2600.0, 2600.0, 2600.0, 2600.0, 3699.827, 2600.0, 2600.0, 3700.059, 2600.0, 2600.0]
2024-08-20 00:49:50.023089;[2600.0, 2600.0, 2600.0, 2600.0, 2600.0, 2600.0, 2600.0, 2600.0, 2600.0, 2600.0, 3106.599, 2600.0, 2600.0, 2600.0, 2600.0, 2600.0, 2600.0, 2600.0, 3275.179, 2600.0, 2600.0, 2600.0, 2600.0, 2600.0, 2600.0, 2600.0, 2600.0, 2600.0, 2600.0, 2600.0, 2600.0, 2600.0, 2600.0, 2600.0, 2600.0, 2600.0, 2600.0, 2600.0, 2600.0, 2600.0, 2600.0, 2600.0, 2600.0, 2872.093, 2600.0, 2600.0, 2600.0, 2600.0]
2024-08-20 00:49:52.025481;[2600.0, 2600.0, 2600.0, 2600.0, 2600.0, 2600.0, 2600.0, 2600.0, 2600.0, 2600.0, 3699.504, 2600.0, 2600.0, 2600.0, 2600.0, 2600.0, 2600.0, 2600.0, 2578.179, 2600.0, 2600.0, 2600.0, 2600.0, 2600.0, 2600.0, 2600.0, 2600.0, 2600.0, 2600.0, 2600.0, 2600.0, 2600.0, 2600.0, 2600.0, 2600.0, 2600.0, 2600.0, 2600.0, 2600.0, 2600.0, 2600.0, 2600.0, 2600.0, 2600.0, 2600.0, 2600.0, 2600.0, 2600.0]
2024-08-20 00:49:54.027865;[2600.0, 2600.0, 2647.094, 2600.0, 2600.0, 2600.0, 2600.0, 2600.0, 2600.0, 2600.0, 2924.657, 2600.0, 2600.0, 2600.0, 2600.0, 2600.0, 2600.0, 2600.0, 2600.0, 2600.0, 2600.0, 2600.0, 2600.0, 2600.0, 2600.0, 2600.0, 2600.0, 2600.0, 2600.0, 2600.0, 2600.0, 2600.0, 2600.0, 2600.0, 2600.0, 2600.0, 2600.0, 2600.0, 2600.0, 2600.0, 2600.0, 2600.0, 2600.0, 2600.0, 2600.0, 2600.0, 2600.0, 2600.0]
2024-08-20 00:49:56.030337;[2600.0, 2600.0, 2600.0, 2600.0, 2600.0, 2600.0, 2600.0, 2600.0, 2600.0, 2600.0, 3699.637, 2600.0, 2600.0, 2600.0, 2600.0, 2600.0, 2600.0, 2600.0, 2600.0, 2600.0, 2600.0, 2600.0, 2600.0, 2600.0, 2600.0, 2600.0, 2600.0, 2600.0, 2600.0, 2600.0, 2600.0, 2600.0, 2600.0, 2600.0, 2600.0, 2600.0, 2600.0, 2600.0, 2600.0, 2600.0, 2600.0, 2600.0, 2600.0, 2600.0, 2600.0, 2600.0, 2600.0, 2600.0]
2024-08-20 00:49:58.032738;[2600.0, 2600.0, 2600.0, 2600.0, 2600.0, 2600.0, 2600.0, 2600.0, 2600.0, 2600.0, 3625.515, 2600.0, 2600.0, 2600.0, 2600.0, 2600.0, 2600.0, 2600.0, 2600.0, 2600.0, 2600.0, 2600.0, 2600.0, 2621.128, 2600.0, 2600.0, 2600.0, 2600.0, 2600.0, 2600.0, 2600.0, 2600.0, 2600.0, 2600.0, 2600.0, 2600.0, 2600.0, 2600.0, 2600.0, 2600.0, 2600.0, 2600.0, 2600.0, 2600.0, 2600.0, 2600.0, 2600.0, 2600.0]
2024-08-20 00:50:00.035086;[2600.0, 2600.0, 2600.0, 2600.0, 2600.0, 2600.0, 2600.0, 2600.0, 2600.0, 2600.0, 3699.807, 2600.0, 2600.0, 2600.0, 2600.0, 2600.0, 2600.0, 2600.0, 2600.0, 2600.0, 2600.0, 2600.0, 2600.0, 2548.399, 2600.0, 2600.0, 2600.0, 2600.0, 2600.0, 2600.0, 2600.0, 2600.0, 2600.0, 2600.0, 2600.0, 2600.0, 2600.0, 2600.0, 2600.0, 2600.0, 2600.0, 2600.0, 2600.0, 2600.0, 2600.0, 2600.0, 2600.0, 2600.0]
2024-08-20 00:50:02.038681;[2600.0, 2600.0, 2600.0, 2600.0, 2600.0, 2600.0, 2600.0, 2600.0, 2600.0, 2600.0, 2855.917, 2600.0, 2600.0, 2600.0, 2600.0, 2600.0, 2600.0, 2600.0, 2600.0, 2600.0, 2600.0, 2600.0, 2600.0, 2600.0, 2600.0, 2600.0, 2600.0, 2600.0, 2600.0, 2600.0, 2600.0, 2600.0, 2600.0, 2600.0, 2600.0, 2600.0, 2600.0, 2600.0, 2600.0, 2600.0, 2600.0, 2600.0, 2600.0, 2600.0, 2600.0, 2600.0, 2600.0, 2600.0]
2024-08-20 00:50:04.041081;[2600.0, 2600.0, 2600.0, 2600.0, 2600.0, 2600.0, 2600.0, 2600.0, 2600.0, 2600.0, 2885.886, 2600.0, 2600.0, 2600.0, 2600.0, 2600.0, 2600.0, 2600.0, 2600.0, 2600.0, 2600.0, 2600.0, 2600.0, 2600.0, 2600.0, 2600.0, 2600.0, 2600.0, 2600.0, 2600.0, 2600.0, 2600.0, 2600.0, 2600.0, 2600.0, 2600.0, 2600.0, 2600.0, 2600.0, 2600.0, 2600.0, 2600.0, 2600.0, 2600.0, 2600.0, 2600.0, 2600.0, 2600.0]
2024-08-20 00:50:06.043451;[2600.0, 2600.0, 2600.0, 2600.0, 2600.0, 2600.0, 2600.0, 2600.0, 2600.0, 2600.0, 3679.271, 2600.0, 2600.0, 2600.0, 2600.0, 2600.0, 2600.0, 2600.0, 2600.0, 2600.0, 2600.0, 2600.0, 2600.0, 2600.0, 2600.0, 2600.0, 2600.0, 2600.0, 2600.0, 2600.0, 2600.0, 2600.0, 2600.0, 2600.0, 2600.0, 2600.0, 2600.0, 2600.0, 2600.0, 2600.0, 2600.0, 2600.0, 2600.0, 2600.0, 2600.0, 2600.0, 2600.0, 2600.0]
