2024-08-20 04:41:14.242141;8602;3539;313177600;55445504;14066;3904;4588;3609;8063
2024-08-20 04:41:16.244206;8602;3539;313177600;55445504;14066;3904;4588;3609;8063
2024-08-20 04:41:18.246257;8602;3539;313177600;55445504;14066;3904;4588;3609;8063
2024-08-20 04:41:20.248385;8602;3543;313177600;55584768;14066;3906;4588;3611;8064
2024-08-20 04:41:22.250420;8602;3543;313177600;55584768;14066;3906;4588;3611;8064
2024-08-20 04:41:24.252486;8602;3543;313177600;55584768;14066;3906;4588;3611;8064
2024-08-20 04:41:26.254590;8602;3576;313177600;55883776;14066;3944;4588;3651;8065
2024-08-20 04:41:28.256653;8602;3576;313177600;55883776;14066;3944;4588;3651;8065
2024-08-20 04:41:30.258720;8602;3576;313177600;55883776;14066;3944;4588;3651;8065
2024-08-20 04:41:32.260783;8602;3576;313177600;55883776;14066;3944;4588;3651;8065
2024-08-20 04:41:34.262817;8602;3715;313177600;56793088;14066;4051;4588;3652;8078
2024-08-20 04:41:36.264906;8602;3715;313177600;56793088;14066;4051;4588;3652;8078
2024-08-20 04:41:38.267009;8602;3715;313177600;56793088;14066;4051;4588;3652;8078
2024-08-20 04:41:40.269046;8602;3715;313177600;56793088;14066;4051;4588;3652;8078
2024-08-20 04:41:42.271067;8602;3715;313177600;56793088;14066;4051;4588;3652;8078
2024-08-20 04:41:44.273137;8602;3715;313177600;56793088;14066;4051;4588;3652;8078
2024-08-20 04:41:46.275227;8602;3716;313177600;56825856;14066;4052;4588;3657;8078
2024-08-20 04:41:48.277267;8602;3716;313177600;56825856;14066;4052;4588;3657;8078
2024-08-20 04:41:50.279303;8602;3716;313177600;56825856;14066;4052;4588;3657;8078
2024-08-20 04:41:52.281317;8602;3716;313177600;56825856;14066;4052;4588;3657;8078
2024-08-20 04:41:54.283513;8602;3716;313177600;56825856;14066;4052;4588;3657;8078
2024-08-20 04:41:56.286197;8602;3718;313177600;56846336;14066;4053;4588;3660;8079
2024-08-20 04:41:58.288284;8602;3718;313177600;56846336;14066;4053;4588;3660;8079
2024-08-20 04:42:00.290323;8602;3718;313177600;56846336;14066;4053;4588;3660;8079
2024-08-20 04:42:02.292396;8602;3718;313177600;56846336;14066;4053;4588;3660;8079
2024-08-20 04:42:04.294440;8602;3718;313177600;56846336;14066;4053;4588;3660;8079
2024-08-20 04:42:06.296554;8602;3718;313177600;56846336;14066;4053;4588;3660;8079
2024-08-20 04:42:08.298610;8602;3718;313177600;56846336;14066;4053;4588;3660;8079
2024-08-20 04:42:10.300673;8602;3718;313177600;56846336;14066;4053;4588;3660;8079
2024-08-20 04:42:12.302801;8602;3718;313177600;56846336;14066;4053;4588;3660;8079
2024-08-20 04:42:14.304855;8602;3718;313177600;56846336;14066;4053;4588;3660;8079
2024-08-20 04:42:16.306951;8602;3718;313177600;56846336;14066;4053;4588;3660;8079
2024-08-20 04:42:18.309011;8602;3725;313177600;56887296;14066;4060;4588;3662;8080
2024-08-20 04:42:20.311061;8602;3725;313177600;56887296;14066;4060;4588;3662;8080
2024-08-20 04:42:22.313134;8602;3725;313177600;56887296;14066;4060;4588;3662;8080
2024-08-20 04:42:24.315138;8602;3725;313177600;56887296;14066;4060;4588;3662;8080
2024-08-20 04:42:26.318071;8602;3729;313177600;56915968;14066;4063;4588;3665;8081
2024-08-20 04:42:28.320239;8602;3729;313177600;56915968;14066;4063;4588;3665;8081
2024-08-20 04:42:30.322290;8602;3729;313177600;56915968;14066;4063;4588;3665;8081
2024-08-20 04:42:32.324369;8602;3729;313177600;56915968;14066;4063;4588;3665;8081
2024-08-20 04:42:34.326426;8602;3729;313177600;56915968;14066;4063;4588;3665;8081
2024-08-20 04:42:36.328491;8602;3729;313177600;56915968;14066;4063;4588;3665;8081
2024-08-20 04:42:38.330536;8602;3729;313177600;56915968;14066;4063;4588;3665;8081
2024-08-20 04:42:40.332590;8602;3729;313177600;56915968;14066;4063;4588;3665;8081
2024-08-20 04:42:42.334615;8602;3729;313177600;56915968;14066;4063;4588;3665;8081
2024-08-20 04:42:44.336669;8602;3729;313177600;56915968;14066;4063;4588;3665;8081
2024-08-20 04:42:46.338793;8602;3729;313177600;56915968;14066;4063;4588;3665;8081
2024-08-20 04:42:48.340860;8602;3729;313177600;56915968;14066;4063;4588;3665;8081
2024-08-20 04:42:50.342888;8602;3735;313177600;56948736;14066;4066;4588;3667;8081
2024-08-20 04:42:52.344964;8602;3735;313177600;56948736;14066;4066;4588;3667;8081
2024-08-20 04:42:54.347015;8602;3735;313177600;56948736;14066;4066;4588;3667;8081
2024-08-20 04:42:56.350371;8602;3737;313177600;56969216;14066;4068;4588;3670;8083
2024-08-20 04:42:58.352553;8602;3737;313177600;56969216;14066;4068;4588;3670;8083
2024-08-20 04:43:00.354589;8602;3737;313177600;56969216;14066;4068;4588;3670;8083
2024-08-20 04:43:02.356643;8602;3737;313177600;56969216;14066;4068;4588;3670;8083
2024-08-20 04:43:04.358692;8602;3737;313177600;56969216;14066;4068;4588;3670;8083
2024-08-20 04:43:06.360797;8602;3737;313177600;56969216;14066;4068;4588;3670;8083
2024-08-20 04:43:08.362846;8602;3737;313177600;56969216;14066;4068;4588;3670;8083
2024-08-20 04:43:10.364889;8602;3737;313177600;56969216;14066;4068;4588;3670;8083
2024-08-20 04:43:12.366913;8602;3737;313177600;56969216;14066;4068;4588;3670;8083
2024-08-20 04:43:14.368965;8602;3737;313177600;56969216;14066;4068;4588;3670;8083
2024-08-20 04:43:16.371061;8602;3737;313177600;56969216;14066;4068;4588;3670;8083
2024-08-20 04:43:18.373135;8602;3737;313177600;56969216;14066;4068;4588;3670;8083
2024-08-20 04:43:20.375205;8602;3737;313177600;56969216;14066;4068;4588;3670;8083
2024-08-20 04:43:22.377260;8602;3747;313177600;57022464;14066;4073;4588;3672;8084
2024-08-20 04:43:24.379312;8602;3747;313177600;57022464;14066;4073;4588;3672;8084
2024-08-20 04:43:26.382517;8602;3752;313177600;57055232;14066;4077;4588;3675;8087
2024-08-20 04:43:28.384636;8602;3752;313177600;57055232;14066;4077;4588;3675;8087
2024-08-20 04:43:30.386664;8602;3752;313177600;57055232;14066;4077;4588;3675;8087
2024-08-20 04:43:32.388740;8602;3752;313177600;57055232;14066;4077;4588;3675;8087
2024-08-20 04:43:34.390773;8602;3752;313177600;57055232;14066;4077;4588;3675;8087
2024-08-20 04:43:36.392877;8602;3752;313177600;57055232;14066;4077;4588;3675;8087
2024-08-20 04:43:38.394910;8602;3752;313177600;57055232;14066;4077;4588;3675;8087
2024-08-20 04:43:40.396969;8602;3752;313177600;57055232;14066;4077;4588;3675;8087
2024-08-20 04:43:42.399000;8602;3752;313177600;57055232;14066;4077;4588;3675;8087
2024-08-20 04:43:44.401029;8602;3752;313177600;57055232;14066;4077;4588;3675;8087
2024-08-20 04:43:46.403170;8602;3752;313177600;57055232;14066;4077;4588;3675;8087
2024-08-20 04:43:48.405190;8602;3752;313177600;57055232;14066;4077;4588;3675;8087
2024-08-20 04:43:50.407313;8602;3752;313177600;57055232;14066;4077;4588;3675;8087
2024-08-20 04:43:52.409403;8602;3752;313177600;57055232;14066;4077;4588;3675;8087
2024-08-20 04:43:54.411582;8602;3757;313177600;57092096;14066;4083;4588;3678;8088
2024-08-20 04:43:56.414583;8602;3759;313177600;57124864;14066;4084;4588;3684;8089
2024-08-20 04:43:58.416658;8602;3760;313177600;57128960;14066;4085;4588;3684;8090
2024-08-20 04:44:00.418649;8602;3760;313177600;57128960;14066;4085;4588;3684;8090
2024-08-20 04:44:02.420897;8602;3760;313177600;57128960;14066;4085;4588;3684;8090
2024-08-20 04:44:04.422942;8602;3764;313177600;57264128;14066;4099;4588;3684;8095
2024-08-20 04:44:06.425137;8602;3764;313177600;57264128;14066;4099;4588;3684;8095
2024-08-20 04:44:08.427178;8602;3764;313177600;57264128;14066;4099;4588;3684;8095
2024-08-20 04:44:10.429232;8602;3764;313177600;57264128;14066;4099;4588;3684;8095
2024-08-20 04:44:12.431324;8602;3764;313177600;57264128;14066;4099;4588;3684;8095
2024-08-20 04:44:14.433488;8602;3764;313177600;57264128;14066;4099;4588;3684;8095
2024-08-20 04:44:16.435577;8602;3764;313177600;57264128;14066;4099;4588;3684;8095
2024-08-20 04:44:18.437627;8602;3764;313177600;57264128;14066;4099;4588;3684;8095
2024-08-20 04:44:20.439710;8602;3764;313177600;57264128;14066;4099;4588;3684;8095
2024-08-20 04:44:22.441711;8602;3764;313177600;57264128;14066;4099;4588;3684;8095
2024-08-20 04:44:24.443764;8602;3764;313177600;57264128;14066;4099;4588;3684;8095
2024-08-20 04:44:26.447060;8602;3796;313177600;57530368;14066;4147;4588;3717;8097
2024-08-20 04:44:28.449222;8602;3842;313177600;57845760;14066;4181;4588;3718;8101
2024-08-20 04:44:30.451321;8602;3842;313177600;57845760;14066;4181;4588;3718;8101
2024-08-20 04:44:32.453359;8602;3842;313177600;57845760;14066;4181;4588;3718;8101
2024-08-20 04:44:34.455533;8602;3842;313177600;57845760;14066;4181;4588;3718;8101
2024-08-20 04:44:36.457585;8602;3842;313177600;57845760;14066;4181;4588;3718;8101
2024-08-20 04:44:38.459634;8602;3842;313177600;57845760;14066;4181;4588;3718;8101
2024-08-20 04:44:40.461641;8602;3842;313177600;57845760;14066;4181;4588;3718;8101
2024-08-20 04:44:42.463720;8602;3842;313177600;57845760;14066;4181;4588;3718;8101
2024-08-20 04:44:44.465731;8602;3842;313177600;57845760;14066;4181;4588;3718;8101
2024-08-20 04:44:46.467804;8602;3842;313177600;57845760;14066;4181;4588;3718;8101
2024-08-20 04:44:48.469958;8602;3842;313177600;57845760;14066;4181;4588;3718;8101
2024-08-20 04:44:50.472076;8602;3842;313177600;57845760;14066;4181;4588;3718;8101
2024-08-20 04:44:52.474145;8602;3846;313177600;57989120;14066;4184;4588;3718;8102
2024-08-20 04:44:54.476345;8602;3892;313177600;58435584;14066;4221;4588;3751;8110
2024-08-20 04:44:56.478435;8602;3892;313177600;58435584;14066;4221;4588;3751;8110
2024-08-20 04:44:58.480620;8602;3902;313177600;58480640;14066;4230;4588;3751;8111
2024-08-20 04:45:00.482759;8602;3902;313177600;58480640;14066;4230;4588;3751;8111
2024-08-20 04:45:02.484935;8602;3905;313177600;58529792;14066;4233;4588;3760;8114
2024-08-20 04:45:04.487017;8602;3905;313177600;58529792;14066;4233;4588;3760;8114
2024-08-20 04:45:06.489209;8602;3905;313177600;58529792;14066;4233;4588;3760;8114
2024-08-20 04:45:08.491433;8602;3905;313177600;58529792;14066;4233;4588;3760;8114
2024-08-20 04:45:10.493519;8602;3906;313177600;58533888;14066;4234;4588;3760;8114
2024-08-20 04:45:12.495495;8602;3906;313177600;58533888;14066;4234;4588;3760;8114
2024-08-20 04:45:14.497673;8602;3906;313177600;58533888;14066;4234;4588;3760;8114
2024-08-20 04:45:16.499790;8602;3966;313177600;59066368;14066;4358;4588;3761;8132
2024-08-20 04:45:18.501859;8602;3966;313177600;59066368;14066;4358;4588;3761;8132
2024-08-20 04:45:20.504140;8602;3966;313177600;59066368;14066;4358;4588;3761;8132
2024-08-20 04:45:22.506199;8602;3966;313177600;59066368;14066;4358;4588;3761;8132
2024-08-20 04:45:24.508367;8602;3970;313177600;59082752;14066;4362;4588;3761;8133
2024-08-20 04:45:26.510467;8602;3970;313177600;59082752;14066;4362;4588;3761;8133
2024-08-20 04:45:28.512799;8602;3970;313177600;59082752;14066;4362;4588;3761;8133
2024-08-20 04:45:30.515163;8602;3980;313177600;59127808;14066;4370;4588;3761;8134
2024-08-20 04:45:32.517394;8602;3987;313177600;59525120;14066;4382;4588;3806;8141
2024-08-20 04:45:34.519634;8602;3987;313177600;59525120;14066;4382;4588;3806;8141
2024-08-20 04:45:36.521567;8602;3987;313177600;59525120;14066;4382;4588;3806;8141
